Product URL,Product Name,Product Price,Rating,Number of Reviews
https://www.amazon.in/Skybags-Brat-Black-Casual-Backpack/dp/B08Z1HHHTD/ref=sr_1_1?crid=2M096C61O4MLT&keywords=bags&qid=1692636274&sprefix=ba%2Caps%2C283&sr=8-1,Skybags Brat Black 46 Cms Casual Backpack,₹649,4.1,N/A
https://www.amazon.in/American-Tourister-AMT-SCH-02/dp/B07CJCGM1M/ref=ice_ac_b_dpb?crid=2M096C61O4MLT&keywords=bags&qid=1692636274&sprefix=ba%2Caps%2C283&sr=8-2,American Tourister Fizz Large Size 32 Ltrs Casual Backpack (BLACK),"₹1,199",4.0,N/A
https://www.amazon.in/Half-Moon-Backpack-Luggage-Compartment/dp/B09VCLZ3K4/ref=sr_1_3?crid=2M096C61O4MLT&keywords=bags&qid=1692636274&sprefix=ba%2Caps%2C283&sr=8-3,Half Moon Large 37L Laptop Bag Backpack for menं Women Boys and Girls Luggage Travel Bags with 17.3 inches Laptop Compartment & Rain Cover,₹849,3.9,N/A
https://www.amazon.in/Number-Backpack-Compartment-Charging-Organizer/dp/B09VTDMRY7/ref=sr_1_4?crid=2M096C61O4MLT&keywords=bags&qid=1692636274&sprefix=ba%2Caps%2C283&sr=8-4,"FUR JADEN Anti Theft Number Lock Backpack Bag with 15.6 Inch Laptop Compartment, USB Charging Port & Organizer Pocket for Men Women Boys Girls",₹679,4.0,N/A
https://www.amazon.in/TRUE-HUMAN-Anti-Theft-backpack-charging/dp/B09QJ7ZF2Y/ref=sr_1_5?crid=2M096C61O4MLT&keywords=bags&qid=1692636274&sprefix=ba%2Caps%2C283&sr=8-5,TRUE HUMAN EMPEROR® Anti-Theft backpack With USB charging Port Laptop bag/Office bag/college bag/travel bag with anti -theft back pocket (LEGEND),₹599,3.7,N/A
https://www.amazon.in/Half-Moon-Waterproof-Backpack-Students/dp/B085MHDJ93/ref=sr_1_6?crid=2M096C61O4MLT&keywords=bags&qid=1692636274&sprefix=ba%2Caps%2C283&sr=8-6,"Half Moon 35 Ltrs Water Resistant 15.6 inch Laptop Bag for Men/Backpack for Men, Navy Blue | Office Bag for Men/Office Bag for Women with Padded Laptop Compartment | Rain Cover & Reflective Strips",₹649,3.9,N/A
https://www.amazon.in/gp/bestsellers/luggage/1984997031/ref=sr_bs_6_1984997031_1,"Fur Jaden 55 LTR Rucksack Travel Backpack Bag for Trekking, Hiking with Shoe Compartment",₹849,4.3,N/A
https://www.amazon.in/Police-Polyester-laptop-casual-backpack/dp/B09CQ5T3LN/ref=sr_1_8?crid=2M096C61O4MLT&keywords=bags&qid=1692636274&sprefix=ba%2Caps%2C283&sr=8-8,POLICE Backpack for Men Casual Laptop Bag Office/Travel/College 30 Ltr Hedge Polyester - Black,"₹1,399",4.1,N/A
https://www.amazon.in/FUR-JADEN-Leatherette-Polypropylene-DUFF05/dp/B07M9BRCQ5/ref=sr_1_9?crid=2M096C61O4MLT&keywords=bags&qid=1692636274&sprefix=ba%2Caps%2C283&sr=8-9,Fur Jaden Brown Textured Leatherette Stylish & Spacious Weekender Duffle Bag for Travel,₹899,4.3,N/A
https://www.amazon.in/GEAR-Black-Blue-Backpack-years/dp/B019HA8AYG/ref=sr_1_10?crid=2M096C61O4MLT&keywords=bags&qid=1692636274&sprefix=ba%2Caps%2C283&sr=8-10,Gear CarryOn 16L Foldable Water Resistant School Bag//Backpack/College Bag for Men/Women - Blue Black,₹199,3.7,N/A
https://www.amazon.in/Gear-Classic-Leather-Backpack-LBPCLSLTH0201/dp/B07G4F6XFH/ref=sr_1_11?crid=2M096C61O4MLT&keywords=bags&qid=1692636274&sprefix=ba%2Caps%2C283&sr=8-11,Gear Classic 20L Small Size Faux Leather Water Resistant Anti Theft Unisex Laptop Backpack- Brown,₹979,4.4,N/A
https://www.amazon.in/Safari-45L-21-OB-BLK/dp/B07BZ5VC4H/ref=sr_1_12?crid=2M096C61O4MLT&keywords=bags&qid=1692636274&sprefix=ba%2Caps%2C283&sr=8-12,Safari Seek 45 Ltrs Overnighter Expandable Travel Laptop Backpack,"₹2,099",4.5,N/A
https://www.amazon.in/American-Tourister-BACKPACK-COMPARTMENT-ORGANIZER/dp/B0BTD4FK9G/ref=sr_1_13?crid=2M096C61O4MLT&keywords=bags&qid=1692636274&sprefix=ba%2Caps%2C283&sr=8-13,"American Tourister VALEX BLUE LAPTOP BACKPACK 28 Ltrs,Volume, LAPTOP COMPARTMENT, BOTTLE POCKET, FRONT ORGANIZER","₹1,399",4.2,N/A
https://www.amazon.in/Backpack-Small-Black-Water-Repellant/dp/B088XB5XY8/ref=sr_1_14?crid=2M096C61O4MLT&keywords=bags&qid=1692636274&sprefix=ba%2Caps%2C283&sr=8-14,"Mi Step Out 12 L Mini Backpack (Small Size, Black, Water Repellant)",₹398,4.1,N/A
https://www.amazon.in/gp/bestsellers/luggage/2917507031/ref=sr_bs_14_2917507031_1,Sfane Polyester 23cms Duffle/Shoulder/Gym Bag for Men & Women with Separate Shoe Compartment (Grey),₹387,4.3,N/A
https://www.amazon.in/ADISA-Laptop-Backpack-Office-College/dp/B09TPX22NF/ref=sr_1_16?crid=2M096C61O4MLT&keywords=bags&qid=1692636274&sprefix=ba%2Caps%2C283&sr=8-16,ADISA 15.6 inch laptop backpack office bag college travel back pack 32 Ltrs,₹499,3.9,N/A
https://www.amazon.in/Gear-Black-Laptop-Backpack-LBPASPIRE0104/dp/B075MK4TXP/ref=sr_1_17?crid=2M096C61O4MLT&keywords=bags&qid=1692636278&sprefix=ba%2Caps%2C283&sr=8-17,Gear Aspire 30L Water Restant Office Laptop Bag/Backpack for Men/Women/(Black),"₹1,115",4.4,N/A
https://www.amazon.in/Half-Moon-Backpack-Spacious-Multiple/dp/B0C23Z9W18/ref=sr_1_18?crid=2M096C61O4MLT&keywords=bags&qid=1692636278&sprefix=ba%2Caps%2C283&sr=8-18,Half Moon Aztec 37L School Bag Class 5-12 | College Bagpack for Men/College Back pack for Women | 15.6 inch Laptop Bag for Men/Backpack for Men | Spacious & Multiple Pockets,₹649,3.6,N/A
https://www.amazon.in/Lenovo-15-6-Inches-Everyday-Backpack/dp/B08R7RPVJF/ref=sr_1_19?crid=2M096C61O4MLT&keywords=bags&qid=1692636278&sprefix=ba%2Caps%2C283&sr=8-19,"Lenovo 15.6"" (39.62cm) Slim Everyday Backpack, Made in India, Compact, Water-resistant, Organized storage:Laptop sleeve,tablet pocket,front workstation,2-side pockets,Padded adjustable shoulder straps",₹839,4.3,N/A
https://www.amazon.in/WILDHORN-Backpack-Compartment-Business-Stitching/dp/B09QL66G55/ref=sr_1_20?crid=2M096C61O4MLT&keywords=bags&qid=1692636278&sprefix=ba%2Caps%2C283&sr=8-20,"WILDHORN 31L Laptop Backpack for Men/Women I Fits upto 15.6"" Laptop I Waterproof I Travel/Business/College Bookbags",₹599,4.0,N/A
https://www.amazon.in/Safari-Laptop-Backpack-Resistant-Fabric/dp/B09B25Z8M2/ref=sr_1_21?crid=2M096C61O4MLT&keywords=bags&qid=1692636278&sprefix=ba%2Caps%2C283&sr=8-21,Safari Quill Large Laptop Backpack 26 Ltrs Water Resistant Fabric - Black,₹859,3.9,N/A
https://www.amazon.in/Fur-Jaden-Black-Waterproof-Backpack/dp/B078GLXMDY/ref=sr_1_22?crid=2M096C61O4MLT&keywords=bags&qid=1692636278&sprefix=ba%2Caps%2C283&sr=8-22,FUR JADEN Anti Theft Backpack 15.6 Inch Laptop Bag with USB Charging Port For Men Women Boys Girls,₹839,4.0,N/A
https://www.amazon.in/gp/bestsellers/computers/1375464031/ref=sr_bs_6_1375464031_1,"American Tourister VALEX BLACK LAPTOP BACKPACK 28 Ltrs,Volume, LAPTOP COMPARTMENT, BOTTLE POCKET, FRONT ORGANIZER","₹1,399",4.3,N/A
https://www.amazon.in/Safari-Laptop-Backpack-Resistant-Fabric/dp/B09B28TKLG/ref=sr_1_24?crid=2M096C61O4MLT&keywords=bags&qid=1692636278&sprefix=ba%2Caps%2C283&sr=8-24,Safari Quill Large Laptop Backpack 26 Ltrs Water Resistant Fabric - Blue,₹859,4.0,N/A
https://www.amazon.in/WILDHORN-Backpack-Compartment-Business-Stitching/dp/B09QL81ZHB/ref=sr_1_25?crid=2M096C61O4MLT&keywords=bags&qid=1692636278&sprefix=ba%2Caps%2C283&sr=8-25,"WILDHORN 31L Laptop Backpack for Men/Women I Fits upto 15.6"" Laptop I Waterproof I Travel/Business/College Bookbags",₹599,4.0,N/A
https://www.amazon.in/ADISA-BP005-Weight-Casual-Backpack/dp/B07F3X45WZ/ref=sr_1_26?crid=2M096C61O4MLT&keywords=bags&qid=1692636278&sprefix=ba%2Caps%2C283&sr=8-26,ADISA Light Weight Laptop Backpack 32 Ltrs,₹499,4.0,N/A
https://www.amazon.in/FATMUG-Laptop-Bag-Men-Convertible/dp/B084LF4RT5/ref=sr_1_27?crid=2M096C61O4MLT&keywords=bags&qid=1692636278&sprefix=ba%2Caps%2C283&sr=8-27,"FATMUG Laptop Bag For Men - Convertible Backpack For Office And Travel (Dark Grey,Oxford Fabric)","₹1,699",4.4,N/A
https://www.amazon.in/ADISA-Casual-Backpack-College-BP046-NAV_Navy/dp/B0BX3QFVSM/ref=sr_1_28?crid=2M096C61O4MLT&keywords=bags&qid=1692636278&sprefix=ba%2Caps%2C283&sr=8-28,ADISA 31 Ltrs Casual Backpack School College Bag Pack,₹399,4.0,N/A
https://www.amazon.in/FUR-JADEN-Backpack-Accessories-Organiser/dp/B0BSHBH9K2/ref=sr_1_29?crid=2M096C61O4MLT&keywords=bags&qid=1692636278&sprefix=ba%2Caps%2C283&sr=8-29,"FUR JADEN 15.6 Inch Smart Laptop Backpack Bag With USB Charging Port, Anti Theft Pocket and Accessories Organiser for Men Women Boys Girls","₹1,329",4.1,N/A
https://www.amazon.in/Lavie-Sport-Duffle-Luggage-Trolley/dp/B097RJ22Q3/ref=sr_1_30?crid=2M096C61O4MLT&keywords=bags&qid=1692636278&sprefix=ba%2Caps%2C283&sr=8-30,Lavie Sport Lino Large Size 63 cms Wheel Duffle Bag for Travel | Travel Bag with Trolley,"₹1,049",4.0,N/A
https://www.amazon.in/Arctic-Fox-Liters-String-Backpack/dp/B08L6Q9V1H/ref=sr_1_31?crid=2M096C61O4MLT&keywords=bags&qid=1692636278&sprefix=ba%2Caps%2C283&sr=8-31,Arctic Fox 15 Liters Draw String Bag Lavender Backpack,₹209,4.2,N/A
https://www.amazon.in/SAFARI-Ltrs-Casual-Backpack-DAYPACKNEO15CBSEB/dp/B07Q7CNPMV/ref=sr_1_32?crid=2M096C61O4MLT&keywords=bags&qid=1692636278&sprefix=ba%2Caps%2C283&sr=8-32,Safari Compact Size 15 Ltrs Casual Backpack For Unisex Adult - Sea Blue,₹329,4.0,N/A
https://www.amazon.in/sspa/click?ie=UTF8&spc=MTo1MjA2NzUzMDkxMTY0MjQ5OjE2OTI2MzYyODE6c3BfYXRmX25leHQ6MjAwNjM3ODI0MzIwOTg6OjA6Og&url=%2FBackpack-Business-Water-resistant-Anti-theft-Charging%2Fdp%2FB0B6FLWDW9%2Fref%3Dsr_1_33_sspa%3Fcrid%3D2M096C61O4MLT%26keywords%3Dbags%26qid%3D1692636281%26sprefix%3Dba%252Caps%252C283%26sr%3D8-33-spons%26sp_csd%3Dd2lkZ2V0TmFtZT1zcF9hdGZfbmV4dA%26psc%3D1,"Arctic Hunter Backpack,Laptop Bag for Men Business Laptop Backpack for 15.6 Inch Laptop Water-resistant&Anti-theft Bag with USB Charging Port for School Travel Business, Black","₹3,499",4.8,N/A
https://www.amazon.in/sspa/click?ie=UTF8&spc=MTo1MjA2NzUzMDkxMTY0MjQ5OjE2OTI2MzYyODE6c3BfYXRmX25leHQ6MjAxNTM5NjI0MjE0OTg6OjA6Og&url=%2FFUR-JADEN-Anti-Theft-Backpack-Professionals%2Fdp%2FB0C28QQMFJ%2Fref%3Dsr_1_34_sspa%3Fcrid%3D2M096C61O4MLT%26keywords%3Dbags%26qid%3D1692636281%26sprefix%3Dba%252Caps%252C283%26sr%3D8-34-spons%26sp_csd%3Dd2lkZ2V0TmFtZT1zcF9hdGZfbmV4dA%26psc%3D1,FUR JADEN Pro Series Smart Tech Anti-Theft Laptop Backpack With USB-A and USB-C Type Charging Port for Men & Women For Business Professionals & College Students,"₹3,499",4.6,N/A
https://www.amazon.in/ROZEN-School-partition-Collage-Backpack/dp/B0BRTDXVZC/ref=sr_1_35?crid=2M096C61O4MLT&keywords=bags&qid=1692636281&sprefix=ba%2Caps%2C283&sr=8-35,"ROZEN 47 Ltrs, 46 cms School Bag Class 5-12 Large 5 partition Laptop Collage Office Travel Backpack Unisex",₹697,4.0,N/A
https://www.amazon.in/Zebronics-TechshieldA1-Compartment-15-6-inch-Polyester/dp/B0C6QV9GCY/ref=sr_1_36?crid=2M096C61O4MLT&keywords=bags&qid=1692636281&sprefix=ba%2Caps%2C283&sr=8-36,"Zebronics TechshieldA1, 18 Liters, 1 Compartment Laptop Backpack and Front Pocket, fit Up to 15.6-inch Laptop, Polyester Fabric, Office Use and Mini Business Travel Bags (Light Grey)",₹599,5.0,N/A
https://www.amazon.in/TRUE-Emperor-Anti-Theft-backpack-charging/dp/B0BYB631NR/ref=sr_1_37?crid=2M096C61O4MLT&keywords=bags&qid=1692636281&sprefix=ba%2Caps%2C283&sr=8-37,"TRUE HUMAN® Emperor Anti-Theft Pocket backpack With USB charging Port Laptop,office,college,travel bag for men and women(Epower)",₹599,3.7,N/A
https://www.amazon.in/Gear-Vintage2-Leather-Backpack-LBPVG2LTH0501/dp/B07G4HH78P/ref=sr_1_38?crid=2M096C61O4MLT&keywords=bags&qid=1692636281&sprefix=ba%2Caps%2C283&sr=8-38,Gear Vintage2 28L Medium Size Faux Leather Water Resistant Anti Theft Unisex LaptopBackpack- Navy,₹969,4.4,N/A
https://www.amazon.in/Safari-Backpack-Resistant-Polyester-Travelling/dp/B09B26VHXV/ref=sr_1_39?crid=2M096C61O4MLT&keywords=bags&qid=1692636281&sprefix=ba%2Caps%2C283&sr=8-39,"Safari Flash Casual Backpack, 26 ltr Water Resistant Travel Bags| Weight Polyester Bagpack for Men and Women, Spacious Shoulder Bag for College, Office, Travelling and Camping",₹809,3.8,N/A
https://www.amazon.in/Lavie-Odiase-Womens-Satchel-Handbag/dp/B08SW9RJ75/ref=sr_1_40?crid=2M096C61O4MLT&keywords=bags&qid=1692636281&sprefix=ba%2Caps%2C283&sr=8-40,Lavie Women's Odiase Medium Satchel Bag | Ladies Purse Handbag,"₹1,099",4.1,N/A
https://www.amazon.in/Safari-Spartan-Water-Resistant-Backpack/dp/B09B26MB5M/ref=sr_1_41?crid=2M096C61O4MLT&keywords=bags&qid=1692636281&sprefix=ba%2Caps%2C283&sr=8-41,"Safari Spartan 21 Ltrs Water Resistant Backpack - Blue, S (SPARTAN19CBBLU)",₹609,3.8,N/A
https://www.amazon.in/Step-Backpack-Small-Water-Repellant/dp/B088XG77KN/ref=sr_1_42?crid=2M096C61O4MLT&keywords=bags&qid=1692636281&sprefix=ba%2Caps%2C283&sr=8-42,"Mi Step Out 12 L Mini Backpack (Small Size, Red, Water Repellant)",₹398,4.1,N/A
https://www.amazon.in/sspa/click?ie=UTF8&spc=MTo1MjA2NzUzMDkxMTY0MjQ5OjE2OTI2MzYyODE6c3BfbXRmOjIwMTI3NjgzODcyMzk4OjowOjo&url=%2FUPPERCASE-Professional-Backpack-resistant-sustainable%2Fdp%2FB0BXFDK5J2%2Fref%3Dsr_1_43_sspa%3Fcrid%3D2M096C61O4MLT%26keywords%3Dbags%26qid%3D1692636281%26sprefix%3Dba%252Caps%252C283%26sr%3D8-43-spons%26sp_csd%3Dd2lkZ2V0TmFtZT1zcF9tdGY%26psc%3D1,"uppercase 26 Ltrs Ryder Professional Laptop Backpack (15.6 Inch) 3x more water resistant sustainable bags with rain proof zippers for Men, Women, Boys and Girls, 750 Days warranty","₹2,400",4.3,N/A
https://www.amazon.in/sspa/click?ie=UTF8&spc=MTo1MjA2NzUzMDkxMTY0MjQ5OjE2OTI2MzYyODE6c3BfbXRmOjIwMTY4NDIzMjExMjk4OjowOjo&url=%2FLenovo-15-6-Inches-Everyday-Backpack%2Fdp%2FB08R7RPVJF%2Fref%3Dsr_1_44_sspa%3Fcrid%3D2M096C61O4MLT%26keywords%3Dbags%26qid%3D1692636281%26sprefix%3Dba%252Caps%252C283%26sr%3D8-44-spons%26sp_csd%3Dd2lkZ2V0TmFtZT1zcF9tdGY%26psc%3D1,"Lenovo 15.6"" (39.62cm) Slim Everyday Backpack, Made in India, Compact, Water-resistant, Organized storage:Laptop sleeve,tablet pocket,front workstation,2-side pockets,Padded adjustable shoulder straps",₹839,4.3,N/A
https://www.amazon.in/Motherly-Stylish-Babies-Diaper-Mothers/dp/B07DMKJJB4/ref=sr_1_45?crid=2M096C61O4MLT&keywords=bags&qid=1692636281&sprefix=ba%2Caps%2C283&sr=8-45,motherly Stylish Babies Diaper Bags for Mothers - Economical Version (Grey and Pink),"₹1,799",4.6,N/A
https://www.amazon.in/Safari-Spartan-Water-Resistant-Backpack/dp/B09B277CR5/ref=sr_1_46?crid=2M096C61O4MLT&keywords=bags&qid=1692636281&sprefix=ba%2Caps%2C283&sr=8-46,"Safari Spartan 21 Ltrs Water Resistant Backpack - Teal, S (SPARTAN19CBTEA)",₹609,3.8,N/A
https://www.amazon.in/FATMUG-Laptop-Bag-Men-Convertible/dp/B084LFX8ZZ/ref=sr_1_47?crid=2M096C61O4MLT&keywords=bags&qid=1692636281&sprefix=ba%2Caps%2C283&sr=8-47,FATMUG Laptop Bag For Men - Convertible Backpack For Office And Travel (Light Grey Oxford Fabric),"₹1,699",4.4,N/A
https://www.amazon.in/LOOKMUSTER-Waterproof-Backpack-College-Business/dp/B0BZW8KW18/ref=sr_1_48?crid=2M096C61O4MLT&keywords=bags&qid=1692636281&sprefix=ba%2Caps%2C283&sr=8-48,LOOKMUSTER (15.6 inch 30 L Casual Waterproof Laptop Backpack/Office Bag/School Bag/College Bag/Business Bag/Unisex Travel Backpack,₹439,3.8,N/A
https://www.amazon.in/Trajectory-Elegant-15-6-Laptop-Office/dp/B09RK6NCGC/ref=sr_1_49?crid=2M096C61O4MLT&keywords=bags&qid=1692636281&sprefix=ba%2Caps%2C283&sr=8-49,Trajectory 15.6 Inch Vegan Leather Messenger Laptop bag for men in Office for all laptop like Apple MacBook with 2 Years Warranty and Spacious Multiple Compartment with Expandable Bottom Used as Shoulder and Handbag for Men,"₹1,399",4.1,N/A
https://www.amazon.in/Skybags-Unisex-Gucci-Fabric-Backpacks/dp/B0B21XCFRM/ref=sr_1_50?crid=2M096C61O4MLT&keywords=bags&qid=1692636281&sprefix=ba%2Caps%2C283&sr=8-50,Skybags Unisex Gucci Fabric Backpacks,₹789,3.8,N/A
https://www.amazon.in/HP-Lightweight-200-Green-Backpack/dp/B08CY1XYFL/ref=sr_1_51?crid=2M096C61O4MLT&keywords=bags&qid=1692636281&sprefix=ba%2Caps%2C283&sr=8-51,"HP Lightweight 200 15.6-inch Laptop Backpack with Padded Shoulder Straps, Green","₹1,646",4.3,N/A
https://www.amazon.in/Safari-Sheild-Resistant-Casual-Backpack/dp/B09B28M2RN/ref=sr_1_52?crid=2M096C61O4MLT&keywords=bags&qid=1692636281&sprefix=ba%2Caps%2C283&sr=8-52,Safari Sheild 26 Ltrs Water Resistant Casual Backpack - (SHEILD19CBBLK),₹709,4.0,N/A
https://www.amazon.in/sspa/click?ie=UTF8&spc=MTo1MjA2NzUzMDkxMTY0MjQ5OjE2OTI2MzYyODE6c3BfYnRmOjIwMTQ1OTk1NzYyMTk4OjowOjo&url=%2FHalf-Moon-Curiosity-Backpack-Resistant%2Fdp%2FB09S3ZK3N1%2Fref%3Dsr_1_53_sspa%3Fcrid%3D2M096C61O4MLT%26keywords%3Dbags%26qid%3D1692636281%26sprefix%3Dba%252Caps%252C283%26sr%3D8-53-spons%26sp_csd%3Dd2lkZ2V0TmFtZT1zcF9idGY%26psc%3D1,"Half Moon Curiosity 35L Water Resistant 15.6"" Laptop Bag for Men/Backpack for Men, Black | Office Bag for Men/Office Bag for Women with Padded Laptop Compartment | Rain Cover & Slim Durable Backpack",₹849,3.8,N/A
https://www.amazon.in/sspa/click?ie=UTF8&spc=MTo1MjA2NzUzMDkxMTY0MjQ5OjE2OTI2MzYyODE6c3BfYnRmOjIwMTI1ODk5OTIwNjk4OjowOjo&url=%2FUppercase-Professional-Backpack-Resistant-Sustainable%2Fdp%2FB0BWNBQXDZ%2Fref%3Dsr_1_54_sspa%3Fcrid%3D2M096C61O4MLT%26keywords%3Dbags%26qid%3D1692636281%26sprefix%3Dba%252Caps%252C283%26sr%3D8-54-spons%26sp_csd%3Dd2lkZ2V0TmFtZT1zcF9idGY%26psc%3D1,"uppercase Apex Professional Laptop Backpack (15.6 Inch) 3x more water resistant sustainable bags with rain proof zippers for Men, Women, Boys and Girls, 750 Days warranty","₹1,800",4.4,N/A
https://www.amazon.in/TRUE-Emperor-Anti-Theft-backpack-charging/dp/B0BYB631NR/ref=sr_1_49?crid=2M096C61O4MLT&keywords=bags&qid=1692636285&sprefix=ba%2Caps%2C283&sr=8-49,"TRUE HUMAN® Emperor Anti-Theft Pocket backpack With USB charging Port Laptop,office,college,travel bag for men and women(Epower)",₹599,3.7,N/A
https://www.amazon.in/Nivia-6853-Polyester-Basic-Duffle/dp/B07FWQ9HRV/ref=sr_1_50?crid=2M096C61O4MLT&keywords=bags&qid=1692636285&sprefix=ba%2Caps%2C283&sr=8-50,NIVIA Basic Duffle Polyester Bag/Gym Bags/Adjustable Shoulder Bag for Men/Duffle Gym Bags for Men/Fitness Bag/Carry Bags/Sports & Travel Bag/Sports Kit/Duffle Bags Travel,₹269,4.0,N/A
https://www.amazon.in/Genie-Ltrs-School-Backpack-SPRAY19SBBLU/dp/B07QFF2RZR/ref=sr_1_51?crid=2M096C61O4MLT&keywords=bags&qid=1692636285&sprefix=ba%2Caps%2C283&sr=8-51,"Genie Spray School Bag for Girls, 19 inch Backpack for Women, 3 compartments Water Resistant Stylish and Trendy College Backpacks for Girls","₹1,155",4.0,N/A
https://www.amazon.in/ADISA-Womens-Girls-Party-Crossbody/dp/B0B2WBJ2H8/ref=sr_1_52?crid=2M096C61O4MLT&keywords=bags&qid=1692636285&sprefix=ba%2Caps%2C283&sr=8-52,ADISA Women's Girls Party Sling Bag Crossbody,₹394,3.9,N/A
https://www.amazon.in/Step-Backpack-Small-Water-Repellant/dp/B088XG77KN/ref=sr_1_53?crid=2M096C61O4MLT&keywords=bags&qid=1692636285&sprefix=ba%2Caps%2C283&sr=8-53,"Mi Step Out 12 L Mini Backpack (Small Size, Red, Water Repellant)",₹398,4.1,N/A
https://www.amazon.in/Safari-Casual-Backpack-Charging-Resistant/dp/B09B2581S9/ref=sr_1_54?crid=2M096C61O4MLT&keywords=bags&qid=1692636285&sprefix=ba%2Caps%2C283&sr=8-54,"Safari Sneak Casual Backpack with USB Charging Port 26 Ltrs Water Resistant Fabric - Grey, L (SNEAK19CBGRE)",₹959,3.7,N/A
https://www.amazon.in/Safari-Spartan-Water-Resistant-Backpack/dp/B09B277CR5/ref=sr_1_55?crid=2M096C61O4MLT&keywords=bags&qid=1692636285&sprefix=ba%2Caps%2C283&sr=8-55,"Safari Spartan 21 Ltrs Water Resistant Backpack - Teal, S (SPARTAN19CBTEA)",₹609,3.8,N/A
https://www.amazon.in/Lunars-Bingo-Laptop-Resistant-48L/dp/B08YZ8FFBZ/ref=sr_1_56?crid=2M096C61O4MLT&keywords=bags&qid=1692636285&sprefix=ba%2Caps%2C283&sr=8-56,Lunar's Bingo - 48 L Laptop Office/School/Travel/Business Backpack Water Resistant - Fits Up to 15.6 Inch Laptop Notebook with 1 Year Warranty,₹819,3.9,N/A
https://www.amazon.in/Gear-Vintage2-Leather-Backpack-LBPVG2LTH0501/dp/B07G4HH78P/ref=sr_1_57?crid=2M096C61O4MLT&keywords=bags&qid=1692636285&sprefix=ba%2Caps%2C283&sr=8-57,Gear Vintage2 28L Medium Size Faux Leather Water Resistant Anti Theft Unisex LaptopBackpack- Navy,₹969,4.4,N/A
https://www.amazon.in/Safari-Backpack-Resistant-Polyester-Travelling/dp/B09B26VHXV/ref=sr_1_58?crid=2M096C61O4MLT&keywords=bags&qid=1692636285&sprefix=ba%2Caps%2C283&sr=8-58,"Safari Flash Casual Backpack, 26 ltr Water Resistant Travel Bags| Weight Polyester Bagpack for Men and Women, Spacious Shoulder Bag for College, Office, Travelling and Camping",₹809,3.8,N/A
https://www.amazon.in/Gear-Beige-Casual-Backpack-BKPTRMP520522/dp/B00VWM11HQ/ref=sr_1_59?crid=2M096C61O4MLT&keywords=bags&qid=1692636285&sprefix=ba%2Caps%2C283&sr=8-59,Gear Triumph Summer Print 26L Water Resistant Backpack with Rain Cover/School Bag/College Bag/Daypack/Casual Backack for Girls/Women (Blue-Beige),₹797,4.2,N/A
https://www.amazon.in/Genie-Iridescence-Multicolor-Backpack-Resistant/dp/B084VQLJL8/ref=sr_1_60?crid=2M096C61O4MLT&keywords=bags&qid=1692636285&sprefix=ba%2Caps%2C283&sr=8-60,"Genie Iridescence School Bag for Girls, 17 inch Backpack for Women, 3 Zips Water Resistant Stylish and Trendy College Backpacks for Girls. 27 litres",₹753,4.0,N/A
https://www.amazon.in/Genie-Ltrs-School-Backpack-CAMELLIA17SBPIN/dp/B07QHMKHWH/ref=sr_1_61?crid=2M096C61O4MLT&keywords=bags&qid=1692636285&sprefix=ba%2Caps%2C283&sr=8-61,"Genie Camellia School Bag for Girls, 17 inch Backpack for Women, 3 compartments Water Resistant Stylish and Trendy College Backpacks for Girls",₹753,4.2,N/A
https://www.amazon.in/Arctic-Fox-Backpack-Charging-Laptop/dp/B089QB6D7B/ref=sr_1_62?crid=2M096C61O4MLT&keywords=bags&qid=1692636285&sprefix=ba%2Caps%2C283&sr=8-62,Arctic Fox Slope Anti Theft 23 L Backpack with USB Charging Port 15 Inch Laptop Backpack (Marble Black),"₹1,439",4.5,N/A
https://www.amazon.in/NORTH-ZONE-Waterproof-Backpack-Dimensions/dp/B0BS6QM2GD/ref=sr_1_63?crid=2M096C61O4MLT&keywords=bags&qid=1692636285&sprefix=ba%2Caps%2C283&sr=8-63,NORTH ZONE Casual Waterproof Laptop Backpack/Office Bag/School Bag/College Bag/Business Bag/Travel Backpack (Dimensions:13x18 inches) (Compatible with 39.62cm(15.6inch laptop) 30 L,₹630,4.0,N/A
https://www.amazon.in/Storite-Travel-Bag-Lightweight-GreenPink/dp/B0B3JBYZ8C/ref=sr_1_64?crid=2M096C61O4MLT&keywords=bags&qid=1692636285&sprefix=ba%2Caps%2C283&sr=8-64,"Storite Nylon 46 Cm Multi Purpose Travel Duffle Bag for Women with Dry and Wet Separate Pocket, Lightweight Waterproof Backpack Carry Luggage Bag with Shoe Compartment (GreenPink, 46x23x25 cm)","₹1,399",4.2,N/A
https://www.amazon.in/Bennett-15-6-inch-College-Repellent-Backpack/dp/B09WZKHSDR/ref=sr_1_65?crid=2M096C61O4MLT&keywords=bags&qid=1692636288&sprefix=ba%2Caps%2C283&sr=8-65,"Bennett Casual Laptop Bag School Bags for Boys Girls 15.6-inch, 25 LTR Office & College bags for Mens Water Repellent Backpack for Men & Women (GREY)",₹512,3.9,N/A
https://www.amazon.in/Tabelito-NEXA-Backpack-Business-Compartment/dp/B0C2D3YR7T/ref=sr_1_66?crid=2M096C61O4MLT&keywords=bags&qid=1692636288&sprefix=ba%2Caps%2C283&sr=8-66,"Tabelito® NEXA 3O L Water Resistant Laptop/College/Office/School/Travel/Business Bag, Unisex Backpack for Men Women Fits Up to 15.6 Inch Laptop Notebook. (GREY)",₹399,4.2,N/A
https://www.amazon.in/Lavie-Odiase-Womens-Satchel-Handbag/dp/B08SW9RJ75/ref=sr_1_67?crid=2M096C61O4MLT&keywords=bags&qid=1692636288&sprefix=ba%2Caps%2C283&sr=8-67,Lavie Women's Odiase Medium Satchel Bag | Ladies Purse Handbag,"₹1,099",4.1,N/A
https://www.amazon.in/Murano-Casual-daybackpack-Office-College/dp/B0BX9FLPNX/ref=sr_1_68?crid=2M096C61O4MLT&keywords=bags&qid=1692636288&sprefix=ba%2Caps%2C283&sr=8-68,Murano Louis 10ltr Casual daybackpack/Office & Travel Bag/School Bag/College Bag/Men/Women/Girl/Boy (Orange),₹269,3.1,N/A
https://www.amazon.in/BennettTM-Shoulder-Messenger-Repellent-Charcoal/dp/B09CV24TMK/ref=sr_1_69?crid=2M096C61O4MLT&keywords=bags&qid=1692636288&sprefix=ba%2Caps%2C283&sr=8-69,Bennett™ Mystic Unisex Adult Men's Laptop Bag 15.6 inch Side Shoulder Briefcase Satchel Messenger Business Bags for Men & Women Front Pocket for Laptop Accessories - Black (6 Month Warranty),₹512,4.0,N/A
https://www.amazon.in/Number-Backpack-Compartment-Charging-Organizer/dp/B09VTCNN75/ref=sr_1_70?crid=2M096C61O4MLT&keywords=bags&qid=1692636288&sprefix=ba%2Caps%2C283&sr=8-70,"FUR JADEN Anti Theft Number Lock Backpack Bag with 15.6 Inch Laptop Compartment, USB Charging Port & Organizer Pocket for Men Women Boys Girls",₹679,4.0,N/A
https://www.amazon.in/Lenovo-Carrying-15-6-Inch-Toploader-GX40Q17229/dp/B075Y6Y9H5/ref=sr_1_71?crid=2M096C61O4MLT&keywords=bags&qid=1692636288&sprefix=ba%2Caps%2C283&sr=8-71,Lenovo 15.6-inch Casual Laptop Briefcase T210,₹979,4.2,N/A
https://www.amazon.in/Skybags-Unisex-Gucci-Fabric-Backpacks/dp/B0B21XCFRM/ref=sr_1_72?crid=2M096C61O4MLT&keywords=bags&qid=1692636288&sprefix=ba%2Caps%2C283&sr=8-72,Skybags Unisex Gucci Fabric Backpacks,₹789,3.8,N/A
https://www.amazon.in/ADISA-BP010-Weight-Casual-Backpack/dp/B07MXL986B/ref=sr_1_73?crid=2M096C61O4MLT&keywords=bags&qid=1692636288&sprefix=ba%2Caps%2C283&sr=8-73,ADISA 32 Ltrs Water Resistant Casual Travel Bagpack/College Backpack/School Office Bag for Men and Women,₹499,3.9,N/A
https://www.amazon.in/gp/bestsellers/electronics/4175441031/ref=sr_bs_9_4175441031_1,Dyazo Water Resistant Camera Backpack with Extra Front Pocket Photographers Bag with Rain Cover Tripod Holder Compatible for Sony Nikon Canon Panasonic DSLR (Black & Orange),₹799,4.3,N/A
https://www.amazon.in/gp/bestsellers/electronics/1389022031/ref=sr_bs_10_1389022031_1,"Dyazo Water Resistant Camera Bag/Case Shoulder Strap Space for Photography Lens and Accessories Compatible for Nikon, Canon, Sony, Panasonic, Samsung & Other SLR/DSLR etc (Black & Silver)",₹799,4.3,N/A
https://www.amazon.in/FATMUG-Laptop-Bag-Men-Convertible/dp/B084LFX8ZZ/ref=sr_1_76?crid=2M096C61O4MLT&keywords=bags&qid=1692636288&sprefix=ba%2Caps%2C283&sr=8-76,FATMUG Laptop Bag For Men - Convertible Backpack For Office And Travel (Light Grey Oxford Fabric),"₹1,699",4.4,N/A
https://www.amazon.in/Safari-Swagpack-Backpack-Compartments-Raincover/dp/B09B2633BY/ref=sr_1_77?crid=2M096C61O4MLT&keywords=bags&qid=1692636288&sprefix=ba%2Caps%2C283&sr=8-77,Safari Swagpack 35 Ltrs Large Laptop Backpack With 3 Compartments and Raincover - Blue (SWAGPACK19CBBLU),"₹1,255",3.8,N/A
https://www.amazon.in/ADISA-Womens-Girls-Party-Crossbody/dp/B0B2WBJ2H8/ref=sr_1_78?crid=2M096C61O4MLT&keywords=bags&qid=1692636288&sprefix=ba%2Caps%2C283&sr=8-78,ADISA Women's Girls Party Sling Bag Crossbody,₹394,3.9,N/A
https://www.amazon.in/HP-15-6-inch-Backpacks-Pass-Through-793A6AA/dp/B0BYDXVM5Q/ref=sr_1_79?crid=2M096C61O4MLT&keywords=bags&qid=1692636288&sprefix=ba%2Caps%2C283&sr=8-79,HP 320 15.6-inch Backpacks/Trolley Pass-Through; Padded Back Panel; Padded air mesh Panel/Hand wash and air Dry/Padded Laptop Pocket/1 Year Limited Warranty (793A6AA),"₹1,170",3.9,N/A
https://www.amazon.in/American-Tourister-AMT-SCH-BAG02/dp/B07CGN5QV2/ref=sr_1_80?crid=2M096C61O4MLT&keywords=bags&qid=1692636288&sprefix=ba%2Caps%2C283&sr=8-80,American Tourister Casual Backpack,"₹1,249",4.1,N/A
https://www.amazon.in/HP-15-6-inch-Backpacks-Pass-Through-793A6AA/dp/B0BYDXVM5Q/ref=sr_1_81?crid=2M096C61O4MLT&keywords=bags&qid=1692636292&sprefix=ba%2Caps%2C283&sr=8-81,HP 320 15.6-inch Backpacks/Trolley Pass-Through; Padded Back Panel; Padded air mesh Panel/Hand wash and air Dry/Padded Laptop Pocket/1 Year Limited Warranty (793A6AA),"₹1,170",3.9,N/A
https://www.amazon.in/ROZEN-partition-Collage-Backpack-SKYBLUE/dp/B0BRTFGG22/ref=sr_1_82?crid=2M096C61O4MLT&keywords=bags&qid=1692636292&sprefix=ba%2Caps%2C283&sr=8-82,"ROZEN 47 Ltrs, 46 cms School Bag Class 5-12 Large 5 partition Laptop Collage Office Travel Backpack Unisex",₹697,4.0,N/A
https://www.amazon.in/HP-Essentials-Polyester-Laptop-Backpack/dp/B07GGS4RDV/ref=sr_1_83?crid=2M096C61O4MLT&keywords=bags&qid=1692636292&sprefix=ba%2Caps%2C283&sr=8-83,"HP Essentials Polyester Black, Grey Laptop Backpack","₹1,199",4.1,N/A
https://www.amazon.in/Half-Moon-Resistant-Backpack-Compartment/dp/B09GG53CSL/ref=sr_1_84?crid=2M096C61O4MLT&keywords=bags&qid=1692636292&sprefix=ba%2Caps%2C283&sr=8-84,Half Moon 34 L Water Resistant 15.6 inch Laptop Bag/Backpack for Men Women Boys Girls/Office School College with Padded Laptop Compartment (Grey),₹698,3.9,N/A
https://www.amazon.in/Lunars-Comet-Resistant-Casual-Backpack/dp/B07WN833M7/ref=sr_1_85?crid=2M096C61O4MLT&keywords=bags&qid=1692636292&sprefix=ba%2Caps%2C283&sr=8-85,Lunar's Comet 35L Water Resistant Travel Bagpack/College Backpack/School Bag/Office Bag/Business Backpack/Daypack for Men and Women with 1 Year Warranty,₹778,4.0,N/A
https://www.amazon.in/F-Gear-Spartan-Black-Laptop-Backpack/dp/B07X82WYGL/ref=sr_1_86?crid=2M096C61O4MLT&keywords=bags&qid=1692636292&sprefix=ba%2Caps%2C283&sr=8-86,F Gear Spartan 24 Ltrs Black Laptop Backpack (3179),₹712,4.0,N/A
https://www.amazon.in/Killer-Backpack-Compartments-Polyester-Waterproof/dp/B07CDD6YS2/ref=sr_1_87?crid=2M096C61O4MLT&keywords=bags&qid=1692636292&sprefix=ba%2Caps%2C283&sr=8-87,KILLER Louis 38L Large Laptop Backpack With 3 Compartments Polyester Trendy Waterproof Travel Backpack,"₹2,067",4.4,N/A
https://www.amazon.in/AmazonBasics-Mini-Backpack-Outdoor-Black/dp/B0BRKFXT9Z/ref=sr_1_88?crid=2M096C61O4MLT&keywords=bags&qid=1692636292&sprefix=ba%2Caps%2C283&sr=8-88,AmazonBasics - Mini Backpack for Outdoor Use (12 l) (Black),₹279,3.7,N/A
https://www.amazon.in/Tabelito-NEO-Backpack-Business-Compartment/dp/B0C2D2GPWJ/ref=sr_1_89?crid=2M096C61O4MLT&keywords=bags&qid=1692636292&sprefix=ba%2Caps%2C283&sr=8-89,"Tabelito® NEO 3O L Water Resistant Laptop/College/Office/School/Travel/Business Bag, Unisex Backpack for Men Women Fits Up to 15.6 Inch Laptop Notebook.",₹399,4.0,N/A
https://www.amazon.in/Storite-Bag-Compartment-Weekender-Overnight/dp/B0B7RVY9GR/ref=sr_1_90?crid=2M096C61O4MLT&keywords=bags&qid=1692636292&sprefix=ba%2Caps%2C283&sr=8-90,"Storite Nylon 44 cms Imported Travel Duffle Bag Sports Gym Shoulder Bag for Women with Wet Pocket & Shoe Compartment Weekender Overnight Travel Luggage Bag (Grey, 44 x 18 x 29 cm)","₹1,199",4.1,N/A
https://www.amazon.in/FATMUG-Foldable-Luggage-Packing-Storage/dp/B07YFNXC3H/ref=sr_1_91?crid=2M096C61O4MLT&keywords=bags&qid=1692636292&sprefix=ba%2Caps%2C283&sr=8-91,"FATMUG Polyester Foldable Duffle Travel Bag Luggage For Travel, Packing And Storage - Men And Women - (60 L, Black)","₹1,099",4.2,N/A
https://www.amazon.in/Martucci-Laptop-Backpack-College-Reflective/dp/B0B7DT6HY3/ref=sr_1_92?crid=2M096C61O4MLT&keywords=bags&qid=1692636292&sprefix=ba%2Caps%2C283&sr=8-92,Martucci Large 35 L Backpack Spacy Unisex/College/School/Travel Backpack with Rain Cover and Reflective Strip,₹746,4.0,N/A
https://www.amazon.in/Gear-Vintage2-Leather-Backpack-LBPVG2LTH1901/dp/B07G4F3758/ref=sr_1_93?crid=2M096C61O4MLT&keywords=bags&qid=1692636292&sprefix=ba%2Caps%2C283&sr=8-93,Gear Vintage2 Anti Theft Faux Leather 18 cms Tan Laptop Backpack,₹969,4.3,N/A
https://www.amazon.in/DZert-School-Polyester-Backpack-White/dp/B07GXYHFCY/ref=sr_1_94?crid=2M096C61O4MLT&keywords=bags&qid=1692636292&sprefix=ba%2Caps%2C283&sr=8-94,DZert Clasy Laptop Bag College Bag for Boys Girls 21 L Blue White,₹339,3.8,N/A
https://www.amazon.in/Crossbody-Waterproof-Daypack-Charging-Locomotive/dp/B0BCQ762R6/ref=sr_1_95?crid=2M096C61O4MLT&keywords=bags&qid=1692636292&sprefix=ba%2Caps%2C283&sr=8-95,HOXSURY Sling Backpack USB Anti-Theft Waterproof Chest Daypack Casual Shoulder Bag,"₹1,199",4.3,N/A
https://www.amazon.in/Genie-compartments-Lightweight-Travelling-Purpose-36/dp/B097JHSJTL/ref=sr_1_96?crid=2M096C61O4MLT&keywords=bags&qid=1692636292&sprefix=ba%2Caps%2C283&sr=8-96,"Genie Lily Laptop Backpack for Women, 3 compartments, Stylish and Trendy College Bags for Girls, Water Resistant and Lightweight Bags for Office and Travelling Purpose.36 litres (19 inch) Black colour","₹1,004",4.3,N/A
https://www.amazon.in/Half-Moon-Resistant-Backpack-Compartment/dp/B0BJ32LQ6X/ref=sr_1_97?crid=2M096C61O4MLT&keywords=bags&qid=1692636295&sprefix=ba%2Caps%2C283&sr=8-97,Half Moon Large 37L Laptop Bag Backpack for menं Women Boys and Girls Luggage Travel Bags with 17.3 inches Laptop Compartment & Rain Cover,₹849,3.9,N/A
https://www.amazon.in/Skybags-BPVOX22EGRN-VOXEL-BACKPACK-GREEN/dp/B0B3XY5TMK/ref=sr_1_98?crid=2M096C61O4MLT&keywords=bags&qid=1692636295&sprefix=ba%2Caps%2C283&sr=8-98,Skybags VOXEL BACKPACK,₹834,3.9,N/A
https://www.amazon.in/Gear-Executive-Anti-Theft-Backpack-BKPPKREXE0101/dp/B097KCMQKG/ref=sr_1_99?crid=2M096C61O4MLT&keywords=bags&qid=1692636295&sprefix=ba%2Caps%2C283&sr=8-99,Gear Parker 23L Water Resistant Anti Theft Laptop Bag/Backpack for Men/Women - Black,₹744,4.3,N/A
https://www.amazon.in/Storite-Bag-Compartment-Weekender-Overnight/dp/B0B7RVY9GR/ref=sr_1_100?crid=2M096C61O4MLT&keywords=bags&qid=1692636295&sprefix=ba%2Caps%2C283&sr=8-100,"Storite Nylon 44 cms Imported Travel Duffle Bag Sports Gym Shoulder Bag for Women with Wet Pocket & Shoe Compartment Weekender Overnight Travel Luggage Bag (Grey, 44 x 18 x 29 cm)","₹1,199",4.1,N/A
https://www.amazon.in/Fur-Jaden-Charging-Waterproof-BM36_BlueZip/dp/B07MXM5M99/ref=sr_1_101?crid=2M096C61O4MLT&keywords=bags&qid=1692636295&sprefix=ba%2Caps%2C283&sr=8-101,"Fur Jaden 15.6 Inch Laptop Backpack 25 LTR Bag for School, College and Office with USB Charging Port",₹479,3.9,N/A
https://www.amazon.in/HARISSONS-15-6-inch-Backpack-Organizers-Detachable/dp/B07M5P5LW3/ref=sr_1_102?crid=2M096C61O4MLT&keywords=bags&qid=1692636295&sprefix=ba%2Caps%2C283&sr=8-102,"HARISSONS Bags Vervo 15.6-inch Laptop/Travel/Casual Backpack for Men and Women with Rain Cover (Black, 40 Ltrs) | Quick Access Zippered Pocket, Detailed Organizers & a Detachable Key Chain Holder","₹2,960",4.4,N/A
https://www.amazon.in/Mokobara-Transit-Backpack-Laptop-Sunray/dp/B09V7R98XC/ref=sr_1_103?crid=2M096C61O4MLT&keywords=bags&qid=1692636295&sprefix=ba%2Caps%2C283&sr=8-103,"MOKOBARA The Transit Backpack - 30L Premium Nylon 15.6"" Unisex Laptop Bag With Luggage Sleeve","₹4,999",4.5,N/A
https://www.amazon.in/Cosmus-Casual-Backpack-Charger-College/dp/B09HX54TGF/ref=sr_1_104?crid=2M096C61O4MLT&keywords=bags&qid=1692636295&sprefix=ba%2Caps%2C283&sr=8-104,COSMUS Vogue Casual Laptop Backpack with USB Charger Port 46cm 26 Litre College Bag,"₹1,409",4.2,N/A
https://www.amazon.in/Gear-Workspace-Briefcase-Black-Red-BKPWRPHYD0101/dp/B097KGL2M5/ref=sr_1_105?crid=2M096C61O4MLT&keywords=bags&qid=1692636295&sprefix=ba%2Caps%2C283&sr=8-105,Gear Workspace 18L Water Resistant Laptop Bag/Backpack/Office Bag for Men/Women-Black,₹907,4.2,N/A
https://www.amazon.in/Wildcraft-Green-Casual-Backpack-11650-Green/dp/B079DV66TY/ref=sr_1_106?crid=2M096C61O4MLT&keywords=bags&qid=1692636295&sprefix=ba%2Caps%2C283&sr=8-106,Wildcraft 29.5 Ltrs Green Casual Backpack (11650-Green),₹994,4.1,N/A
https://www.amazon.in/gp/bestsellers/luggage/2917442031/ref=sr_bs_10_2917442031_1,DEIN KLEIDER Men's Nylon Messenger Bag,₹349,4.0,N/A
https://www.amazon.in/Crossbody-Waterproof-Daypack-Charging-Locomotive/dp/B0BCQ762R6/ref=sr_1_108?crid=2M096C61O4MLT&keywords=bags&qid=1692636295&sprefix=ba%2Caps%2C283&sr=8-108,HOXSURY Sling Backpack USB Anti-Theft Waterproof Chest Daypack Casual Shoulder Bag,"₹1,199",4.3,N/A
https://www.amazon.in/WILD-MODA-Womens-Shoulder-Turquoise/dp/B099PLT91X/ref=sr_1_109?crid=2M096C61O4MLT&keywords=bags&qid=1692636295&sprefix=ba%2Caps%2C283&sr=8-109,"WILD MODA Women's Shoulder Bag, Set of 1",₹849,4.2,N/A
https://www.amazon.in/Delrin-Backpack-Motorcycle-Waterproof-Programmable/dp/B0CBSGG3LX/ref=sr_1_110?crid=2M096C61O4MLT&keywords=bags&qid=1692636295&sprefix=ba%2Caps%2C283&sr=8-110,"Delrin LED Backpack with APP Working, Laptop Bag Motorcycle Riding Backpack Waterproof Backpack with Programmable and Color Screen, Travel Backpack 25 ltrs (48 Cms)","₹19,999",N/A,N/A
https://www.amazon.in/Amazon-Basics-Laptop-Backpack-Repellent/dp/B09W43XLBY/ref=sr_1_111?crid=2M096C61O4MLT&keywords=bags&qid=1692636295&sprefix=ba%2Caps%2C283&sr=8-111,"Amazon Basics Water Repellent and Wear Resistant Laptop Backpack - 24L, Blue",₹649,4.2,N/A
https://www.amazon.in/Gear-Resitant-Backpack-Daypack-College/dp/B0C3MMX619/ref=sr_1_112?crid=2M096C61O4MLT&keywords=bags&qid=1692636295&sprefix=ba%2Caps%2C283&sr=8-112,Gear Floral Petal 30L Water Resitant School Bag/Casual Backpack/Kids Bag/Daypack/College Bag for Girls/Women (Yellow),"₹1,199",3.8,N/A
https://www.amazon.in/DAHSHA-Bag-Business-Messenger-Shoulder/dp/B07GCLJTZF/ref=sr_1_113?crid=2M096C61O4MLT&keywords=bags&qid=1692636299&sprefix=ba%2Caps%2C283&sr=8-113,DAHSHA Stylish Nylon Small Sling Cross Body Travel Bag for Business Office Messenger One Side Shoulder Carry Handbag Bag For Men & Women (35X18x25 CM-grey),₹695,3.8,N/A
https://www.amazon.in/Safari-Formal-Backpack-Anti-Theft-VAULT19CBBLK/dp/B07XSTR69N/ref=sr_1_114?crid=2M096C61O4MLT&keywords=bags&qid=1692636299&sprefix=ba%2Caps%2C283&sr=8-114,"Safari 48 Cms Black Formal/Office/Laptop Backpack With Anti-Theft, Lock, Usb And Rfid (Vault19Cbblk)","₹1,197",4.0,N/A
https://www.amazon.in/Girls-1523-Polyester-Designer-Waterproof-Bag-Backpack/dp/B08F9YVKT1/ref=sr_1_115?crid=2M096C61O4MLT&keywords=bags&qid=1692636299&sprefix=ba%2Caps%2C283&sr=8-115,BEAUTY GIRLS BY HOTSHOT 1523 |School Bag|Tuition Bag|College Backpack|ForGirls&Women|32L Waterproof School Bag,₹799,4.3,N/A
https://www.amazon.in/Gear-Classic-Leather-Backpack-LBPCLSLTH0101/dp/B07G4D13LB/ref=sr_1_116?crid=2M096C61O4MLT&keywords=bags&qid=1692636299&sprefix=ba%2Caps%2C283&sr=8-116,Gear Classic 20L Faux Leather Water Resistant Anti Theft Laptop Bag/Backpack for Men/Women-Black,₹979,4.4,N/A
https://www.amazon.in/Genie-Sunshine-Green-Latest-Collection/dp/B08912T17F/ref=sr_1_117?crid=2M096C61O4MLT&keywords=bags&qid=1692636299&sprefix=ba%2Caps%2C283&sr=8-117,"Genie Sunshine 19 inch ash Green Bag for Girls, 19 inch Backpack for Women, 3 compartments Water Resistant Stylish and Trendy College Backpacks for Girls","₹1,409",4.2,N/A
https://www.amazon.in/ZOUK-Printed-Handmade-Leather-handles/dp/B07NHYLTY7/ref=sr_1_118?crid=2M096C61O4MLT&keywords=bags&qid=1692636299&sprefix=ba%2Caps%2C283&sr=8-118,ZOUK Black Floral Printed Handmade Vegan Leather Women's Office Bag for 15.6 inch Laptop with double handles - FloMotif,"₹1,698",4.3,N/A
https://www.amazon.in/F-Gear-Raider-Marpat-Navy-Backpack/dp/B07F1157TV/ref=sr_1_119?crid=2M096C61O4MLT&keywords=bags&qid=1692636299&sprefix=ba%2Caps%2C283&sr=8-119,F Gear Raider 30 Liter Backpack with Rain Cover (.Marpat Navy Digital Camo),₹832,4.2,N/A
https://www.amazon.in/Wildcraft-Black-Casual-Backpack-11652-Black/dp/B079Q79FX5/ref=sr_1_120?crid=2M096C61O4MLT&keywords=bags&qid=1692636299&sprefix=ba%2Caps%2C283&sr=8-120,Wildcraft 31 Ltrs Black Casual Backpack (11652-Black),"₹1,248",4.3,N/A
https://www.amazon.in/Dell-Essential-Backpack-15-ES1520P/dp/B07TTCXHRH/ref=sr_1_121?crid=2M096C61O4MLT&keywords=bags&qid=1692636299&sprefix=ba%2Caps%2C283&sr=8-121,Dell Essential Backpack 15 (ES1520P),"₹1,149",4.0,N/A
https://www.amazon.in/HP-15-6-inch-Backpack-Pass-Through-793A7AA/dp/B0BYDWD4VL/ref=sr_1_122?crid=2M096C61O4MLT&keywords=bags&qid=1692636299&sprefix=ba%2Caps%2C283&sr=8-122,HP 330 15.6-inch Laptop Backpack/Trolley Pass-Through; Padded Back Panel; Padded air mesh Panel/Hand wash and air Dry/1 Year Limited Warranty (793A7AA),"₹1,268",4.6,N/A
https://www.amazon.in/WildHorn-Leather-Sling-Messenger-Brown/dp/B08XXTRC1Q/ref=sr_1_123?crid=2M096C61O4MLT&keywords=bags&qid=1692636299&sprefix=ba%2Caps%2C283&sr=8-123,WildHorn Leather Sling Messenger Bag for Men I Multipurpose Crossbody Bag I Travel Bag with Adjustable Strap I IDIMENSION: L- 8 inch H- 10.5 inch W- 2.75 inch,"₹1,799",4.0,N/A
https://www.amazon.in/HYDER-Unisex-Multi-functional-Laptop-Backpack/dp/B0CCKXQNXJ/ref=sr_1_124?crid=2M096C61O4MLT&keywords=bags&qid=1692636299&sprefix=ba%2Caps%2C283&sr=8-124,"HYDER Peak Black 35L Unisex Multi-functional Laptop Bag/Backpack for Men and Women - Perfect Bags for College, School, and Business Travel with Padded Sleeve For Laptops Protection",₹780,N/A,N/A
https://www.amazon.in/Gear-Green-Casual-Backpack-BKPECOBP40503/dp/B019HA8DQQ/ref=sr_1_125?crid=2M096C61O4MLT&keywords=bags&qid=1692636299&sprefix=ba%2Caps%2C283&sr=8-125,Gear Eco4 18L Water Resistant School Bag//Backpack/College Bag for Men/Women - Navy Blue,₹439,4.0,N/A
https://www.amazon.in/Amazon-Basics-Laptop-Backpack-Repellent/dp/B09W43XLBY/ref=sr_1_126?crid=2M096C61O4MLT&keywords=bags&qid=1692636299&sprefix=ba%2Caps%2C283&sr=8-126,"Amazon Basics Water Repellent and Wear Resistant Laptop Backpack - 24L, Blue",₹649,4.2,N/A
https://www.amazon.in/BEAUTY-GIRLS-HOTSHOT-School-1565/dp/B0BFXCHQZ5/ref=sr_1_127?crid=2M096C61O4MLT&keywords=bags&qid=1692636299&sprefix=ba%2Caps%2C283&sr=8-127,"BEAUTY GIRLS By HOTSHOT Girls School Bag (15ltr , Navy Blue, 1565)",₹549,3.7,N/A
https://www.amazon.in/Zebronics-Compartment-Backpacks-15-6-inch-Black/dp/B0C6KZS555/ref=sr_1_128?crid=2M096C61O4MLT&keywords=bags&qid=1692636299&sprefix=ba%2Caps%2C283&sr=8-128,"Zebronics Camp1, 14 Liters, 1 Compartment Laptop Backpacks Fit Up to 15.6-inch Laptop, Polyester Fabric, Office Use and Mini Business Travel Bags (Black)",₹499,3.0,N/A
https://www.amazon.in/Genie-compartments-Resistant-Lightweight-Travelling/dp/B0C85YCDR7/ref=sr_1_129?crid=2M096C61O4MLT&keywords=bags&qid=1692636302&sprefix=ba%2Caps%2C283&sr=8-129,"Genie Swirl Laptop Backpack for Women, 3 compartments, Water Resistant and Lightweight Bags for Office and Travelling Purpose. 36 litres. (19 inch). Tie-dye print","₹1,004",4.3,N/A
https://www.amazon.in/Bennett-15-6-inch-Repellent-Backpack-ben_cas_blue/dp/B09WZKB54G/ref=sr_1_130?crid=2M096C61O4MLT&keywords=bags&qid=1692636302&sprefix=ba%2Caps%2C283&sr=8-130,"Bennett 15.6 inch Laptop Bag Men/Women, 25 L Water Resistant School/College Backpack with Padded Laptop Compartment for Dell/Lenovo/Asus/Hp/MacBook/Ultrabook/Thinkpad/IdeaPad (Blue)",₹512,3.9,N/A
https://www.amazon.in/Amazon-Basics-Laptop-Backpack-Repellent/dp/B09W43XLBY/ref=sr_1_131?crid=2M096C61O4MLT&keywords=bags&qid=1692636302&sprefix=ba%2Caps%2C283&sr=8-131,"Amazon Basics Water Repellent and Wear Resistant Laptop Backpack - 24L, Blue",₹649,4.2,N/A
https://www.amazon.in/ZIPLINE-Polyester-Backpack-College-Outdoor/dp/B09XN3YD4Q/ref=sr_1_132?crid=2M096C61O4MLT&keywords=bags&qid=1692636302&sprefix=ba%2Caps%2C283&sr=8-132,Zipline Unisex Casual Polyester 36 L Blue Backpack School Bag Women Men Boys Girls College Bag,₹843,3.7,N/A
https://www.amazon.in/POLESTAR-Backpack-compartment-suitable-warranty/dp/B09XT8DF2H/ref=sr_1_133?crid=2M096C61O4MLT&keywords=bags&qid=1692636302&sprefix=ba%2Caps%2C283&sr=8-133,"POLESTAR Dynamic 25 L Bag for College, School, Office, Casual Backpack with 15.6"" Laptop Compartment, Unisex, Stylish & Durable, 1 year warranty",₹749,3.5,N/A
https://www.amazon.in/Zebronics-Compartment-Backpacks-15-6-inch-Black/dp/B0C6KZS555/ref=sr_1_134?crid=2M096C61O4MLT&keywords=bags&qid=1692636302&sprefix=ba%2Caps%2C283&sr=8-134,"Zebronics Camp1, 14 Liters, 1 Compartment Laptop Backpacks Fit Up to 15.6-inch Laptop, Polyester Fabric, Office Use and Mini Business Travel Bags (Black)",₹499,3.0,N/A
https://www.amazon.in/Tabelito-NEO-Backpack-Business-Compartment/dp/B0C2D2Q52R/ref=sr_1_135?crid=2M096C61O4MLT&keywords=bags&qid=1692636302&sprefix=ba%2Caps%2C283&sr=8-135,"Tabelito® NEO 3O L Water Resistant Laptop/College/Office/School/Travel/Business Bag, Unisex Backpack for Men Women Fits Up to 15.6 Inch Laptop Notebook.",₹399,4.0,N/A
https://www.amazon.in/POLICE-Stylish-Premium-Quality-Backpack/dp/B084Q4N84P/ref=sr_1_136?crid=2M096C61O4MLT&keywords=bags&qid=1692636302&sprefix=ba%2Caps%2C283&sr=8-136,Police Large Size Walt Laptop Backpack Business Office College Travel Bags For Men Fits Upto 15 Inch Laptop Notebook - Black,"₹1,689",4.1,N/A
https://www.amazon.in/ASUS-Backpack-Cross-Dyed-Material-Suitable/dp/B09Q68446F/ref=sr_1_137?crid=2M096C61O4MLT&keywords=bags&qid=1692636302&sprefix=ba%2Caps%2C283&sr=8-137,"ASUS BP4600 Laptop Backpack (Grey), with Cross-dyed Woven Fabric Material, Suitable for up to 40.64 cm (16-inch) Laptop","₹1,249",4.4,N/A
https://www.amazon.in/Storite-Cross-Travel-Dark-Grey/dp/B07PFF4RYC/ref=sr_1_138?crid=2M096C61O4MLT&keywords=bags&qid=1692636302&sprefix=ba%2Caps%2C283&sr=8-138,Storite Stylish Padded Small Nylon Sling Cross Body Travel Office Business Messenger One Side Shoulder Bag for Men Women (25x16x7.5cm) (Dark Grey),₹395,4.1,N/A
https://www.amazon.in/Lenovo-Professional-Backpack-Water-resistant-Uncompromised/dp/B08R7S55H4/ref=sr_1_139?crid=2M096C61O4MLT&keywords=bags&qid=1692636302&sprefix=ba%2Caps%2C283&sr=8-139,"Lenovo 15.6"" Professional Backpack, Made in India, Water-resistant,Uncompromised storage, Travel friendly:Fleece-lined PC compartment,Vented,Padded BackPanel & Adjustable shoulder straps,Luggage strap","₹1,337",4.2,N/A
https://www.amazon.in/Skybags-Unisex-Grey-Jacqard-Laptop/dp/B09ZV9SLBJ/ref=sr_1_140?crid=2M096C61O4MLT&keywords=bags&qid=1692636302&sprefix=ba%2Caps%2C283&sr=8-140,Skybags Unisex Grey Jacqard 34L Laptop Bags,"₹1,248",4.1,N/A
https://www.amazon.in/Arctic-Fox-Backpack-Charging-Laptop/dp/B089QC43BB/ref=sr_1_141?crid=2M096C61O4MLT&keywords=bags&qid=1692636302&sprefix=ba%2Caps%2C283&sr=8-141,Arctic Fox Slope Anti Theft 23 L Backpack with USB Charging Port 15 Inch Laptop Backpack (Marble Black),"₹1,439",4.5,N/A
https://www.amazon.in/Hoteon-Backpack-Anti-Theft-Earphone-Resistant/dp/B08HM4TQZZ/ref=sr_1_142?crid=2M096C61O4MLT&keywords=bags&qid=1692636302&sprefix=ba%2Caps%2C283&sr=8-142,"Golden Wolf Laptop Bag Anti-theft Backpack with Lock College School Laptop Backpack with Rain Cover Water Resistant Business Backpack with USB Port for 15.6-inch Laptop Office Travel Bag for Men and Women Gifts, Dark Grey","₹1,999",4.4,N/A
https://www.amazon.in/COSMUS-Polyester-Multi-functional-Convertible-15-6-Inch/dp/B07D1R1K84/ref=sr_1_143?crid=2M096C61O4MLT&keywords=bags&qid=1692636302&sprefix=ba%2Caps%2C283&sr=8-143,COSMUS Agility Convertible Backpack Messenger Bag Shoulder bag Laptop Case Handbag Business Briefcase Multi-functional Travel Bag Fits 15.6 Inch Laptop,"₹2,255",4.2,N/A
https://www.amazon.in/Tabelito-NEO-Backpack-Business-Compartment/dp/B0C2D24G29/ref=sr_1_144?crid=2M096C61O4MLT&keywords=bags&qid=1692636302&sprefix=ba%2Caps%2C283&sr=8-144,"Tabelito® NEO 3O L Water Resistant Laptop/College/Office/School/Travel/Business Bag, Unisex Backpack for Men Women Fits Up to 15.6 Inch Laptop Notebook.",₹399,4.0,N/A
https://www.amazon.in/COSMUS-Polyester-Multi-functional-Convertible-15-6-Inch/dp/B07D1R1K84/ref=sr_1_145?crid=2M096C61O4MLT&keywords=bags&qid=1692636305&sprefix=ba%2Caps%2C283&sr=8-145,COSMUS Agility Convertible Backpack Messenger Bag Shoulder bag Laptop Case Handbag Business Briefcase Multi-functional Travel Bag Fits 15.6 Inch Laptop,"₹2,255",4.2,N/A
https://www.amazon.in/Tabelito-NEO-Backpack-Business-Compartment/dp/B0C2D24G29/ref=sr_1_146?crid=2M096C61O4MLT&keywords=bags&qid=1692636305&sprefix=ba%2Caps%2C283&sr=8-146,"Tabelito® NEO 3O L Water Resistant Laptop/College/Office/School/Travel/Business Bag, Unisex Backpack for Men Women Fits Up to 15.6 Inch Laptop Notebook.",₹399,4.0,N/A
https://www.amazon.in/LOOKMUSTER-Waterproof-Backpack-College-Business/dp/B0BS6YGKMC/ref=sr_1_147?crid=2M096C61O4MLT&keywords=bags&qid=1692636305&sprefix=ba%2Caps%2C283&sr=8-147,LOOKMUSTER Casual Waterproof Laptop Backpack/Office Bag/School Bag/College Bag/Business Bag/Travel Backpack…,₹614,3.9,N/A
https://www.amazon.in/ADISA-Laptop-Backpack-Office-College/dp/B0BPVCBFM7/ref=sr_1_148?crid=2M096C61O4MLT&keywords=bags&qid=1692636305&sprefix=ba%2Caps%2C283&sr=8-148,ADISA 32L large laptop backpack office bag college travel back pack with rain cover,₹599,3.8,N/A
https://www.amazon.in/Half-Moon-Resistant-Backpack-Compartment/dp/B0BHX7GY16/ref=sr_1_149?crid=2M096C61O4MLT&keywords=bags&qid=1692636305&sprefix=ba%2Caps%2C283&sr=8-149,Half Moon Large 37L Laptop Bag Backpack for menं Women Boys and Girls Luggage Travel Bags with 17.3 inches Laptop Compartment & Rain Cover,₹849,3.9,N/A
https://www.amazon.in/WALKENT-Craft-Laptop-Bag-Anti-Theft/dp/B0978JT5HR/ref=sr_1_150?crid=2M096C61O4MLT&keywords=bags&qid=1692636305&sprefix=ba%2Caps%2C283&sr=8-150,"WALKENT Premium 15.6 Inch Laptop Bag Anti-Theft, Waterproof Backpack, External USB, Trolley Strap,Multiple Pockets, Cushioned Strap, Bags for Office College - Craft (27ltr)","₹2,490",4.1,N/A
https://www.amazon.in/ADISA-Laptop-Backpack-Office-College/dp/B09TPVD964/ref=sr_1_151?crid=2M096C61O4MLT&keywords=bags&qid=1692636305&sprefix=ba%2Caps%2C283&sr=8-151,ADISA 15.6 inch laptop backpack office bag college travel back pack 32 Ltrs,₹499,3.9,N/A
https://www.amazon.in/Tabelito-NEO-Backpack-Business-Compartment/dp/B0C2D2XC4H/ref=sr_1_152?crid=2M096C61O4MLT&keywords=bags&qid=1692636305&sprefix=ba%2Caps%2C283&sr=8-152,"Tabelito® NEO 3O L Water Resistant Laptop/College/Office/School/Travel/Business Bag, Unisex Backpack for Men Women Fits Up to 15.6 Inch Laptop Notebook.",₹399,4.0,N/A
https://www.amazon.in/FUR-JADEN-Backpack-Compartment-Organizer/dp/B0BYSZ3TKW/ref=sr_1_153?crid=2M096C61O4MLT&keywords=bags&qid=1692636305&sprefix=ba%2Caps%2C283&sr=8-153,"FUR JADEN Anti Theft Number Lock Backpack Bag with 15.6 Inch Laptop Compartment, USB Charging Port & Organizer Pocket for Men Women Boys Girls",₹799,4.4,N/A
https://www.amazon.in/Dyazo-Backpack-Business-Notebook-computer/dp/B0C7HC675G/ref=sr_1_154?crid=2M096C61O4MLT&keywords=bags&qid=1692636305&sprefix=ba%2Caps%2C283&sr=8-154,Dyazo Slim 15.6 inch Laptop Backpack Business Notebook computer bag suitable for office College School Men & Women,₹599,4.5,N/A
https://www.amazon.in/Genie-Moonlight-compartments-Lightweight-Travelling/dp/B097PGGTNJ/ref=sr_1_155?crid=2M096C61O4MLT&keywords=bags&qid=1692636305&sprefix=ba%2Caps%2C283&sr=8-155,"Genie Moonlight Laptop Backpack for Women, 3 compartments, Water Resistant and Lightweight Bags for Office and Travelling Purpose. 36 litres. (19 inch) Black colour","₹1,004",3.0,N/A
https://www.amazon.in/BEAUTY-GIRLS-HOTSHOT-School-1565/dp/B0BFXCHQZ5/ref=sr_1_156?crid=2M096C61O4MLT&keywords=bags&qid=1692636305&sprefix=ba%2Caps%2C283&sr=8-156,"BEAUTY GIRLS By HOTSHOT Girls School Bag (15ltr , Navy Blue, 1565)",₹549,3.7,N/A
https://www.amazon.in/HAMMONDS-FLYCATCHER-Laptop-Bag-Men/dp/B083M1QK32/ref=sr_1_157?crid=2M096C61O4MLT&keywords=bags&qid=1692636305&sprefix=ba%2Caps%2C283&sr=8-157,HAMMONDS FLYCATCHER Laptop Bag for Men - Genuine Leather Messenger Shoulder Bag - Fits 14/15.6/16 Inch Laptops - Brown Office Bag - Multiple Pockets -Water Resistant -Executive Bag for Work and Travel,"₹5,255",4.4,N/A
https://www.amazon.in/Half-Moon-Maverick-Spacious-Compartment/dp/B0C16VZCK7/ref=sr_1_158?crid=2M096C61O4MLT&keywords=bags&qid=1692636305&sprefix=ba%2Caps%2C283&sr=8-158,"Half Moon Maverick 35L Unisex Spacious School/Laptop/College/Office Travel Backpack Bag for Men Women Boys & Girls with 15.6 inch Padded Laptop Compartment, Multiple Pockets & Rain Cover",₹699,3.2,N/A
https://www.amazon.in/Genie-Flamenco2-Backpack-Compatible-Resistant/dp/B08YF1XJXY/ref=sr_1_159?crid=2M096C61O4MLT&keywords=bags&qid=1692636305&sprefix=ba%2Caps%2C283&sr=8-159,"Genie Flamenco Laptop Backpack for Women, 16 inches Office Bag, Sky Blue Stylish and Trendy Bag for Office and College",₹803,4.4,N/A
https://www.amazon.in/WildHorn-Leather-Sling-Messenger-Brown/dp/B08XXTRC1Q/ref=sr_1_160?crid=2M096C61O4MLT&keywords=bags&qid=1692636305&sprefix=ba%2Caps%2C283&sr=8-160,WildHorn Leather Sling Messenger Bag for Men I Multipurpose Crossbody Bag I Travel Bag with Adjustable Strap I IDIMENSION: L- 8 inch H- 10.5 inch W- 2.75 inch,"₹1,799",4.0,N/A
https://www.amazon.in/Zebronics-Compartment-Backpacks-15-6-inch-Black/dp/B0C6KZS555/ref=sr_1_161?crid=2M096C61O4MLT&keywords=bags&qid=1692636309&sprefix=ba%2Caps%2C283&sr=8-161,"Zebronics Camp1, 14 Liters, 1 Compartment Laptop Backpacks Fit Up to 15.6-inch Laptop, Polyester Fabric, Office Use and Mini Business Travel Bags (Black)",₹499,3.0,N/A
https://www.amazon.in/Aristocrat-Plastic-Rotation-Luggage-Suitcase/dp/B0BRN2Z9CG/ref=sr_1_162?crid=2M096C61O4MLT&keywords=bags&qid=1692636309&sprefix=ba%2Caps%2C283&sr=8-162,"Aristocrat Air Pro Large Size Hard Luggage (76cm) | Lightweight Luggage with Strong and Sturdy Dual Wheels, Secured Zip and Secured Combination Lock | Cross Teal | Unisex | Tough and Durable","₹3,119",3.8,N/A
https://www.amazon.in/POLICE-Iconic-15-Briefcase-Black-PT2752490_4-1/dp/B082XY1XPC/ref=sr_1_163?crid=2M096C61O4MLT&keywords=bags&qid=1692636309&sprefix=ba%2Caps%2C283&sr=8-163,"POLICE Iconic 15"" Briefcase-Black Stylishly Laptop Briefcase Bags for Men Women Designed for Office and Casual Wear (PT2752490_4-1)","₹2,399",4.2,N/A
https://www.amazon.in/COSMUS-Polyester-Multi-functional-Convertible-15-6-Inch/dp/B07D1R1K84/ref=sr_1_164?crid=2M096C61O4MLT&keywords=bags&qid=1692636309&sprefix=ba%2Caps%2C283&sr=8-164,COSMUS Agility Convertible Backpack Messenger Bag Shoulder bag Laptop Case Handbag Business Briefcase Multi-functional Travel Bag Fits 15.6 Inch Laptop,"₹2,255",4.2,N/A
https://www.amazon.in/DZert-Kids-Grey-School-Years/dp/B07QD1M3R9/ref=sr_1_165?crid=2M096C61O4MLT&keywords=bags&qid=1692636309&sprefix=ba%2Caps%2C283&sr=8-165,DZert Kids School Bag Soft Plush Backpacks Cartoon Boys Girls Baby (2-5 Years),₹200,3.7,N/A
https://www.amazon.in/Right-Choice-Stylish-College-Backpack/dp/B07ZVXDHCK/ref=sr_1_166?crid=2M096C61O4MLT&keywords=bags&qid=1692636309&sprefix=ba%2Caps%2C283&sr=8-166,RIGHT CHOICE quality stylish casual backpack daily use unisex typography college bags (Boys and Girls),₹315,3.5,N/A
https://www.amazon.in/NORTH-ZONE-Lightweight-Backpacks-Stylish/dp/B0BL3S5NC1/ref=sr_1_167?crid=2M096C61O4MLT&keywords=bags&qid=1692636309&sprefix=ba%2Caps%2C283&sr=8-167,NORTH ZONE Lightweight school bags Backpacks for Boys Girls Stylish men and women Casual Travel Laptop Bag College office,₹630,4.0,N/A
https://www.amazon.in/Lunars-Router-Resistant-Raincover-Organiser/dp/B08YR63B9M/ref=sr_1_168?crid=2M096C61O4MLT&keywords=bags&qid=1692636309&sprefix=ba%2Caps%2C283&sr=8-168,"Lunar's 35 L Laptop Office/School/Travel/Business Backpack Water Proof - Fits Up to 15.6 Inch Laptop Notebook, With Raincover, Inside Organiser and 1 Year Warranty (All)",₹778,3.8,N/A
https://www.amazon.in/Genie-Sunshine-Green-Latest-Collection/dp/B08912T17F/ref=sr_1_169?crid=2M096C61O4MLT&keywords=bags&qid=1692636309&sprefix=ba%2Caps%2C283&sr=8-169,"Genie Sunshine 19 inch ash Green Bag for Girls, 19 inch Backpack for Women, 3 compartments Water Resistant Stylish and Trendy College Backpacks for Girls","₹1,409",4.2,N/A
https://www.amazon.in/Backpack-Adventure-Camping-Trekking-Rucksack/dp/B091SNKKB4/ref=sr_1_170?crid=2M096C61O4MLT&keywords=bags&qid=1692636309&sprefix=ba%2Caps%2C283&sr=8-170,AFN FASHION 70L Travel Backpack Hiking Bag Adventure Camping Trekking Bag Rucksack -70L,₹899,3.9,N/A
https://www.amazon.in/AirCase-C40-Backpack-Rucksacks-Messenger/dp/B07Y8CH69Y/ref=sr_1_171?crid=2M096C61O4MLT&keywords=bags&qid=1692636309&sprefix=ba%2Caps%2C283&sr=8-171,AirCase C40 Laptop Backpack Rucksacks Messenger Ba,₹999,3.2,N/A
https://www.amazon.in/ASUS-Backpack-Cross-Dyed-Material-Suitable/dp/B09Q68446F/ref=sr_1_172?crid=2M096C61O4MLT&keywords=bags&qid=1692636309&sprefix=ba%2Caps%2C283&sr=8-172,"ASUS BP4600 Laptop Backpack (Grey), with Cross-dyed Woven Fabric Material, Suitable for up to 40.64 cm (16-inch) Laptop","₹1,249",4.4,N/A
https://www.amazon.in/HYDER-Gamepad-Waterproof-Backpack-Everyday/dp/B0BR3KK8TR/ref=sr_1_173?crid=2M096C61O4MLT&keywords=bags&qid=1692636309&sprefix=ba%2Caps%2C283&sr=8-173,"HYDER 35L Latest And Trendy Stylish Waterproof College/Casual/School Bag/Backpack For Kids, Boys, Girls, Men And Women | Best Bags For Everyday Use",₹729,4.2,N/A
https://www.amazon.in/Half-Moon-Waterproof-Laptop-Backpack/dp/B09QM9N1B3/ref=sr_1_174?crid=2M096C61O4MLT&keywords=bags&qid=1692636309&sprefix=ba%2Caps%2C283&sr=8-174,Half Moon 30L Waterproof 15.6 inch Laptop Office School College Bag Backpack for Men Women Boys & Girls,₹589,3.6,N/A
https://www.amazon.in/Half-Moon-Resistant-Backpack-Compartment/dp/B0BJ32LQ6X/ref=sr_1_175?crid=2M096C61O4MLT&keywords=bags&qid=1692636309&sprefix=ba%2Caps%2C283&sr=8-175,Half Moon Large 37L Laptop Bag Backpack for menं Women Boys and Girls Luggage Travel Bags with 17.3 inches Laptop Compartment & Rain Cover,₹849,3.9,N/A
https://www.amazon.in/Frantic-Velvet-School-Nursery-Travelling/dp/B09176PYDR/ref=sr_1_176?crid=2M096C61O4MLT&keywords=bags&qid=1692636309&sprefix=ba%2Caps%2C283&sr=8-176,Frantic Velvet Kids School/Nursery/Picnic/Carry/Travelling Bag - 2 to 5 Year Age,₹299,3.8,N/A
https://www.amazon.in/TRUE-EMPEROR-charging-college-CAPTAIN/dp/B0C6HZDWRQ/ref=sr_1_177?crid=2M096C61O4MLT&keywords=bags&qid=1692636312&sprefix=ba%2Caps%2C283&sr=8-177,"TRUE HUMAN® EMPEROR 15.6 inch laptop bag with USB charging port Laptop bag,office bag, college bags anti theft (CAPTAIN)",₹649,3.9,N/A
https://www.amazon.in/ADISA-BP004-Weight-Casual-Backpack/dp/B07G3CG9FC/ref=sr_1_178?crid=2M096C61O4MLT&keywords=bags&qid=1692636312&sprefix=ba%2Caps%2C283&sr=8-178,ADISA Laptop Backpack 31 Ltrs,₹399,4.0,N/A
https://www.amazon.in/Tabelito-NEXA-Backpack-Business-Compartment/dp/B0C2D4KWQ6/ref=sr_1_179?crid=2M096C61O4MLT&keywords=bags&qid=1692636312&sprefix=ba%2Caps%2C283&sr=8-179,"Tabelito® NEXA 3O L Water Resistant Laptop/College/Office/School/Travel/Business Bag, Unisex Backpack for Men Women Fits Up to 15.6 Inch Laptop Notebook. (GREY)",₹399,4.2,N/A
https://www.amazon.in/Mokobara-Backpack-litre-Brown-laptop/dp/B095PC3QPV/ref=sr_1_180?crid=2M096C61O4MLT&keywords=bags&qid=1692636312&sprefix=ba%2Caps%2C283&sr=8-180,"MOKOBARA Backpack 15.5"" Inch Laptop Backpack For Women (16 litres ) Improved (2022 - Model)","₹4,799",4.2,N/A
https://www.amazon.in/AirCase-C40-Backpack-Rucksacks-Messenger/dp/B07Y8CH69Y/ref=sr_1_181?crid=2M096C61O4MLT&keywords=bags&qid=1692636312&sprefix=ba%2Caps%2C283&sr=8-181,AirCase C40 Laptop Backpack Rucksacks Messenger Ba,₹999,3.2,N/A
https://www.amazon.in/Dolfin-Backpack-Charging-Resistant-Compartment/dp/B0C5RNGRBP/ref=sr_1_182?crid=2M096C61O4MLT&keywords=bags&qid=1692636312&sprefix=ba%2Caps%2C283&sr=8-182,"Dolfin WaterProof Unisex Laptop Backpack 32L with USB Charging Port C, 15.6 inch Compartment, Water-Resistant and Scratch Resistant, Premium Material Laptop Office Bag for Men and Women","₹1,699",5.0,N/A
https://www.amazon.in/Martucci-Waterproof-Backpack-College-Business/dp/B0BRJRVH6D/ref=sr_1_183?crid=2M096C61O4MLT&keywords=bags&qid=1692636312&sprefix=ba%2Caps%2C283&sr=8-183,Martucci Jersey 45L Casual Waterproof Laptop Backpack/Office Bag/School Bag/College Bag/Business Bag/Unisex Travel Backpack,₹809,3.6,N/A
https://www.amazon.in/ZEBRONICS-Compartment-Backpacks-15-6-inch-Polyester/dp/B0C6QNNPMM/ref=sr_1_184?crid=2M096C61O4MLT&keywords=bags&qid=1692636312&sprefix=ba%2Caps%2C283&sr=8-184,"ZEBRONICS Camp1, 14 Liters, 1 Compartment Laptop Backpacks Fit Up to 15.6-inch Laptop, Polyester Fabric, Office Use and Mini Business Travel Bags (Grey)",₹499,3.0,N/A
https://www.amazon.in/Uppercase-Professional-Backpack-Resistant-Sustainable/dp/B0BWNBQXDZ/ref=sr_1_185?crid=2M096C61O4MLT&keywords=bags&qid=1692636312&sprefix=ba%2Caps%2C283&sr=8-185,"uppercase Apex Professional Laptop Backpack (15.6 Inch) 3x more water resistant sustainable bags with rain proof zippers for Men, Women, Boys and Girls, 750 Days warranty","₹1,800",4.4,N/A
https://www.amazon.in/Amazon-15-6-Inch-Backpack-College-Anti-Theft/dp/B0C8NWKRRH/ref=sr_1_186?crid=2M096C61O4MLT&keywords=bags&qid=1692636312&sprefix=ba%2Caps%2C283&sr=8-186,"Amazon Basics Slope 15.6-Inch Laptop Backpack for Office or College, Anti-Theft Design (23 L, Black)",₹869,4.3,N/A
https://www.amazon.in/POLESTAR-Ranker-Casual-Bagpack-Backpack/dp/B08421BRQ2/ref=sr_1_187?crid=2M096C61O4MLT&keywords=bags&qid=1692636312&sprefix=ba%2Caps%2C283&sr=8-187,"POLESTAR Ranker 15.6 inch 32 LTR Casual Laptop Backpack/Office Bag/School Bag/College Bag/Business Bag/Unisex Backpack, Water Resistant and Light Weight, 1 year Warranty",₹709,4.1,N/A
https://www.amazon.in/Amazon-Basics-15-6-Inch-Backpack-College/dp/B0C8NX7HTX/ref=sr_1_188?crid=2M096C61O4MLT&keywords=bags&qid=1692636312&sprefix=ba%2Caps%2C283&sr=8-188,"Amazon Basics Opel 15.6-Inch Laptop Backpack for Office or College (20 L, Black)",₹639,4.2,N/A
https://www.amazon.in/Weekender-Travel-Backpack-Organizer-Handles/dp/B0B34WJK3X/ref=sr_1_189?crid=2M096C61O4MLT&keywords=bags&qid=1692636312&sprefix=ba%2Caps%2C283&sr=8-189,"FUR JADEN 40L Weekender Travel Laptop Backpack with Anti Theft Pocket, Organizer, 15.6 Inch Padded Laptop Sleeve and Dual Handles","₹1,229",4.3,N/A
https://www.amazon.in/Safari-Laptop-Backpack-Compartments-Resistant/dp/B09B27CYC4/ref=sr_1_190?crid=2M096C61O4MLT&keywords=bags&qid=1692636312&sprefix=ba%2Caps%2C283&sr=8-190,"Safari Snap 35 Ltrs Large Laptop Backpack With 3 Compartments, Water Resistant Fabric - Black (SNAP19CBBLK)","₹1,815",3.8,N/A
https://www.amazon.in/DIVULGE-Drawstring-Bag-Sports-Utility/dp/B07PXTDBH4/ref=sr_1_191?crid=2M096C61O4MLT&keywords=bags&qid=1692636312&sprefix=ba%2Caps%2C283&sr=8-191,"DIVULGE Multi Utility Drawstring Bag (Black , 16 L)",₹145,4.0,N/A
https://www.amazon.in/Safari-Laptop-Backpack-Compartments-Resistant/dp/B09B27GN41/ref=sr_1_192?crid=2M096C61O4MLT&keywords=bags&qid=1692636312&sprefix=ba%2Caps%2C283&sr=8-192,"Safari Snap 35 Ltrs Large Laptop Backpack With 3 Compartments, Water Resistant Fabric - Blue (SNAP19CBBLU)","₹1,109",3.8,N/A
https://www.amazon.in/STRAUSS-Jute-Yoga-Shoulder-Strap/dp/B0BBWM221J/ref=sr_1_193?crid=2M096C61O4MLT&keywords=bags&qid=1692636316&sprefix=ba%2Caps%2C283&sr=8-193,"STRAUSS Yoga Mat Bag Cover with Shoulder Strap with Pocket for Men & Women, Drawstring and Full Zip,(Multicolor)",₹219,3.6,N/A
https://www.amazon.in/Wildcraft-Nylon-Broken-Casual-Backpack/dp/B083ZSY54M/ref=sr_1_194?crid=2M096C61O4MLT&keywords=bags&qid=1692636316&sprefix=ba%2Caps%2C283&sr=8-194,"Wildcraft Nylon 35 L Broken Camo Green Casual Backpack (Grey, H x W x D:46x32x24)","₹1,149",4.0,N/A
https://www.amazon.in/Genie-Flamenco2-Backpack-Compatible-Resistant/dp/B08YF1XJXY/ref=sr_1_195?crid=2M096C61O4MLT&keywords=bags&qid=1692636316&sprefix=ba%2Caps%2C283&sr=8-195,"Genie Flamenco Laptop Backpack for Women, 16 inches Office Bag, Sky Blue Stylish and Trendy Bag for Office and College",₹803,4.4,N/A
https://www.amazon.in/Arctic-Fox-Backpack-Charging-Laptop/dp/B089QC43BB/ref=sr_1_196?crid=2M096C61O4MLT&keywords=bags&qid=1692636316&sprefix=ba%2Caps%2C283&sr=8-196,Arctic Fox Slope Anti Theft 23 L Backpack with USB Charging Port 15 Inch Laptop Backpack (Marble Black),"₹1,439",4.5,N/A
https://www.amazon.in/Hoteon-Backpack-Anti-Theft-Earphone-Resistant/dp/B08HM4TQZZ/ref=sr_1_197?crid=2M096C61O4MLT&keywords=bags&qid=1692636316&sprefix=ba%2Caps%2C283&sr=8-197,"Golden Wolf Laptop Bag Anti-theft Backpack with Lock College School Laptop Backpack with Rain Cover Water Resistant Business Backpack with USB Port for 15.6-inch Laptop Office Travel Bag for Men and Women Gifts, Dark Grey","₹1,999",4.4,N/A
https://www.amazon.in/HYDER-Superhero-Lightweight-Spacious-Waterproof/dp/B0BJ6CTJ3Q/ref=sr_1_198?crid=2M096C61O4MLT&keywords=bags&qid=1692636316&sprefix=ba%2Caps%2C283&sr=8-198,HYDER Kids 20L Cartoon Printed Best Stylish Lightweight Spacious Waterproof Casual/Picnic/Tuition/School Bag/Backpack for Children Boys And Girls,₹499,3.9,N/A
https://www.amazon.in/gp/bestsellers/baby/1953357031/ref=sr_bs_6_1953357031_1,"Chic Buddy Waterproof Wet Bag, Washable, Reusable for Travel, Beach, Pool, Stroller, Diapers, Dirty Gym Clothes, Wet Swimsuits, Toiletries",₹309,4.4,N/A
https://www.amazon.in/Lino-Perros-Womens-Floral-Peach/dp/B0B57B7KV7/ref=sr_1_200?crid=2M096C61O4MLT&keywords=bags&qid=1692636316&sprefix=ba%2Caps%2C283&sr=8-200,Lino Perros womens handbag,"₹1,168",4.1,N/A
https://www.amazon.in/Lavie-Betula-Womens-Tote-Mint/dp/B08J8M2B42/ref=sr_1_201?crid=2M096C61O4MLT&keywords=bags&qid=1692636316&sprefix=ba%2Caps%2C283&sr=8-201,Lavie Women's Betula Tote Bag | Ladies Purse Handbag,"₹1,049",4.1,N/A
https://www.amazon.in/Dyazo-Backpack-Business-Notebook-computer/dp/B0C7HC675G/ref=sr_1_202?crid=2M096C61O4MLT&keywords=bags&qid=1692636316&sprefix=ba%2Caps%2C283&sr=8-202,Dyazo Slim 15.6 inch Laptop Backpack Business Notebook computer bag suitable for office College School Men & Women,₹599,4.5,N/A
https://www.amazon.in/Gear-Expandable-RainCover-Grey-Black-TLPTURBO00401/dp/B097KDRZ67/ref=sr_1_203?crid=2M096C61O4MLT&keywords=bags&qid=1692636316&sprefix=ba%2Caps%2C283&sr=8-203,Gear Turbo 45L Expandable Water Resistant Antitheft Laptop Bag/Backpack/Briefcase For Men/Women With Raincover (Grey),"₹1,794",4.4,N/A
https://www.amazon.in/Gear-Vintage2-Leather-Backpack-Women-Brown/dp/B0B49LDHCT/ref=sr_1_204?crid=2M096C61O4MLT&keywords=bags&qid=1692636316&sprefix=ba%2Caps%2C283&sr=8-204,Gear Vintage2 20L Faux Leather Office/College Laptop Backpack for Men/Women-Brown,₹998,4.0,N/A
https://www.amazon.in/LOOKMUSTER-Waterproof-Backpack-College-Business/dp/B0BS6YGKMC/ref=sr_1_205?crid=2M096C61O4MLT&keywords=bags&qid=1692636316&sprefix=ba%2Caps%2C283&sr=8-205,LOOKMUSTER Casual Waterproof Laptop Backpack/Office Bag/School Bag/College Bag/Business Bag/Travel Backpack…,₹614,3.9,N/A
https://www.amazon.in/Aristocrat-Plastic-Rotation-Luggage-Suitcase/dp/B0BRN2Z9CG/ref=sr_1_206?crid=2M096C61O4MLT&keywords=bags&qid=1692636316&sprefix=ba%2Caps%2C283&sr=8-206,"Aristocrat Air Pro Large Size Hard Luggage (76cm) | Lightweight Luggage with Strong and Sturdy Dual Wheels, Secured Zip and Secured Combination Lock | Cross Teal | Unisex | Tough and Durable","₹3,119",3.8,N/A
https://www.amazon.in/ADISA-Laptop-Backpack-Office-College/dp/B0BPVCBFM7/ref=sr_1_207?crid=2M096C61O4MLT&keywords=bags&qid=1692636316&sprefix=ba%2Caps%2C283&sr=8-207,ADISA 32L large laptop backpack office bag college travel back pack with rain cover,₹599,3.8,N/A
https://www.amazon.in/Half-Moon-Resistant-Backpack-Compartment/dp/B0BHX7GY16/ref=sr_1_208?crid=2M096C61O4MLT&keywords=bags&qid=1692636316&sprefix=ba%2Caps%2C283&sr=8-208,Half Moon Large 37L Laptop Bag Backpack for menं Women Boys and Girls Luggage Travel Bags with 17.3 inches Laptop Compartment & Rain Cover,₹849,3.9,N/A
https://www.amazon.in/Backpack-Colleges-Luggage-Waterproof-Stylish/dp/B09GYGCK54/ref=sr_1_209?crid=2M096C61O4MLT&keywords=bags&qid=1692636320&sprefix=ba%2Caps%2C283&sr=8-209,URBAN CARRIER Large 45 Liters Medium Backpack for school and colleges laptop bag luggage bag travel bag Unisex office bag for men Waterproof School Bag for girls stylish backpack for men,₹579,3.9,N/A
https://www.amazon.in/Lavie-Betula-Womens-Tote-Mint/dp/B08J8M2B42/ref=sr_1_210?crid=2M096C61O4MLT&keywords=bags&qid=1692636320&sprefix=ba%2Caps%2C283&sr=8-210,Lavie Women's Betula Tote Bag | Ladies Purse Handbag,"₹1,049",4.1,N/A
https://www.amazon.in/F-Gear-Luxur-Black-Backpack/dp/B01F7AJ8MI/ref=sr_1_211?crid=2M096C61O4MLT&keywords=bags&qid=1692636320&sprefix=ba%2Caps%2C283&sr=8-211,F Gear Luxur Black 25 liter Laptop Backpack,"₹1,167",4.3,N/A
https://www.amazon.in/Safari-Swagpack-Backpack-Compartments-Raincover/dp/B09B25QMKY/ref=sr_1_212?crid=2M096C61O4MLT&keywords=bags&qid=1692636320&sprefix=ba%2Caps%2C283&sr=8-212,Safari Swagpack 35 Ltrs Large Laptop Backpack With 3 Compartments and Raincover - Black (SWAGPACK19CBBLK),"₹1,255",3.7,N/A
https://www.amazon.in/Half-Moon-Resistant-Backpack-Compartment/dp/B09T2TCSW7/ref=sr_1_213?crid=2M096C61O4MLT&keywords=bags&qid=1692636320&sprefix=ba%2Caps%2C283&sr=8-213,Half Moon 34 L Water Resistant 15.6 inch Laptop Bag/Backpack for Men Women Boys Girls/Office School College with Padded Laptop Compartment (Grey),₹629,3.9,N/A
https://www.amazon.in/Uppercase-Professional-Backpack-Resistant-Sustainable/dp/B0BWNBQXDZ/ref=sr_1_214?crid=2M096C61O4MLT&keywords=bags&qid=1692636320&sprefix=ba%2Caps%2C283&sr=8-214,"uppercase Apex Professional Laptop Backpack (15.6 Inch) 3x more water resistant sustainable bags with rain proof zippers for Men, Women, Boys and Girls, 750 Days warranty","₹1,800",4.4,N/A
https://www.amazon.in/HP-Lightweight-100-Gray-Backpack/dp/B08CY1V6P7/ref=sr_1_215?crid=2M096C61O4MLT&keywords=bags&qid=1692636320&sprefix=ba%2Caps%2C283&sr=8-215,HP Lightweight 100 Laptop Backpack with Elastic and Padded Shoulder Straps (Gray),"₹1,090",4.0,N/A
https://www.amazon.in/POLESTAR-Ranker-Casual-Bagpack-Backpack/dp/B08421BRQ2/ref=sr_1_216?crid=2M096C61O4MLT&keywords=bags&qid=1692636320&sprefix=ba%2Caps%2C283&sr=8-216,"POLESTAR Ranker 15.6 inch 32 LTR Casual Laptop Backpack/Office Bag/School Bag/College Bag/Business Bag/Unisex Backpack, Water Resistant and Light Weight, 1 year Warranty",₹709,4.1,N/A
https://www.amazon.in/Zebronics-Compartment-Backpacks-15-6-inch-Polyester/dp/B0C6QRTVCX/ref=sr_1_217?crid=2M096C61O4MLT&keywords=bags&qid=1692636320&sprefix=ba%2Caps%2C283&sr=8-217,"Zebronics Camp1, 14 Liters, 1 Compartment Laptop Backpacks Fit Up to 15.6-inch Laptop, Polyester Fabric, Office Use and Mini Business Travel Bags (Navy Blue)",₹499,3.0,N/A
https://www.amazon.in/Half-Moon-Resistant-Laptop-Backpack/dp/B09842K4RQ/ref=sr_1_218?crid=2M096C61O4MLT&keywords=bags&qid=1692636320&sprefix=ba%2Caps%2C283&sr=8-218,"Half Moon 35L Water Resistant 15.6 inch Laptop Bag for Men/Backpack for Men, Black | Office Bag for Men/Office Bag for Women with Padded Laptop Compartment | Rain Cover & Reflective Strips",₹699,3.9,N/A
https://www.amazon.in/Weekender-Travel-Backpack-Organizer-Handles/dp/B0B34WJK3X/ref=sr_1_219?crid=2M096C61O4MLT&keywords=bags&qid=1692636320&sprefix=ba%2Caps%2C283&sr=8-219,"FUR JADEN 40L Weekender Travel Laptop Backpack with Anti Theft Pocket, Organizer, 15.6 Inch Padded Laptop Sleeve and Dual Handles","₹1,229",4.3,N/A
https://www.amazon.in/Waterproof-Backpack-College-Business-Dimensions/dp/B0BW95MXRJ/ref=sr_1_220?crid=2M096C61O4MLT&keywords=bags&qid=1692636320&sprefix=ba%2Caps%2C283&sr=8-220,NORTH ZONE Casual Waterproof Laptop Backpack/Office Bag/School Bag/College Bag/Business Bag/Travel Backpack (Dimensions:13x18 inches) (Compatible with 39.62cm(15.6inch laptop) 30 L (Blue & black),₹486,4.6,N/A
https://www.amazon.in/DIVULGE-Drawstring-Bag-Sports-Utility/dp/B07PXTDBH4/ref=sr_1_221?crid=2M096C61O4MLT&keywords=bags&qid=1692636320&sprefix=ba%2Caps%2C283&sr=8-221,"DIVULGE Multi Utility Drawstring Bag (Black , 16 L)",₹145,4.0,N/A
https://www.amazon.in/Tabelito-Laptop-Backpack-15-6-inch-Repellent/dp/B08Y3L4PHK/ref=sr_1_222?crid=2M096C61O4MLT&keywords=bags&qid=1692636320&sprefix=ba%2Caps%2C283&sr=8-222,"TABELITO Casual Laptop Backpack 15.6-inch, 25 LTR Water Repellent",₹548,4.2,N/A
https://www.amazon.in/Elegant-Leatherette-Waterproof-Backpack-Business/dp/B0C4GVCM3Y/ref=sr_1_223?crid=2M096C61O4MLT&keywords=bags&qid=1692636320&sprefix=ba%2Caps%2C283&sr=8-223,Elegant 16 inch 28 L Casual Waterproof Laptop Backpack/Office Bag/School Bag/College Bag/Business Bag/Unisex Travel Backpack,₹899,4.0,N/A
https://www.amazon.in/American-Tourister-Unisex-Laptop-Backpack/dp/B0C8649NY8/ref=sr_1_224?crid=2M096C61O4MLT&keywords=bags&qid=1692636320&sprefix=ba%2Caps%2C283&sr=8-224,"American Tourister SHAW Unisex Laptop Backpack - Teal, Unisex, 17'' Laptop Compatible with Multi-Level Organizer and External Bottle Pocket","₹1,689",3.3,N/A
https://www.amazon.in/Half-Moon-Resistant-Laptop-Backpack/dp/B09842K4RQ/ref=sr_1_225?crid=2M096C61O4MLT&keywords=bags&qid=1692636323&sprefix=ba%2Caps%2C283&sr=8-225,"Half Moon 35L Water Resistant 15.6 inch Laptop Bag for Men/Backpack for Men, Black | Office Bag for Men/Office Bag for Women with Padded Laptop Compartment | Rain Cover & Reflective Strips",₹699,3.9,N/A
https://www.amazon.in/Waterproof-Backpack-College-Business-Dimensions/dp/B0BW95MXRJ/ref=sr_1_226?crid=2M096C61O4MLT&keywords=bags&qid=1692636323&sprefix=ba%2Caps%2C283&sr=8-226,NORTH ZONE Casual Waterproof Laptop Backpack/Office Bag/School Bag/College Bag/Business Bag/Travel Backpack (Dimensions:13x18 inches) (Compatible with 39.62cm(15.6inch laptop) 30 L (Blue & black),₹486,4.6,N/A
https://www.amazon.in/Tabelito-Laptop-Backpack-15-6-inch-Repellent/dp/B08Y3L4PHK/ref=sr_1_227?crid=2M096C61O4MLT&keywords=bags&qid=1692636323&sprefix=ba%2Caps%2C283&sr=8-227,"TABELITO Casual Laptop Backpack 15.6-inch, 25 LTR Water Repellent",₹548,4.2,N/A
https://www.amazon.in/Elegant-Leatherette-Waterproof-Backpack-Business/dp/B0C4GVCM3Y/ref=sr_1_228?crid=2M096C61O4MLT&keywords=bags&qid=1692636323&sprefix=ba%2Caps%2C283&sr=8-228,Elegant 16 inch 28 L Casual Waterproof Laptop Backpack/Office Bag/School Bag/College Bag/Business Bag/Unisex Travel Backpack,₹899,4.0,N/A
https://www.amazon.in/Gear-Vintage2-Leather-Backpack-Women-Brown/dp/B0B49LDHCT/ref=sr_1_229?crid=2M096C61O4MLT&keywords=bags&qid=1692636323&sprefix=ba%2Caps%2C283&sr=8-229,Gear Vintage2 20L Faux Leather Office/College Laptop Backpack for Men/Women-Brown,₹998,4.0,N/A
https://www.amazon.in/Fur-Jaden-Rucksack-Backpack-BM43_Blue/dp/B07PS38XSP/ref=sr_1_230?crid=2M096C61O4MLT&keywords=bags&qid=1692636323&sprefix=ba%2Caps%2C283&sr=8-230,Fur Jaden Hiking Camping Rucksack Casual 10 Ltrs Blue Casual Backpack,₹239,3.6,N/A
https://www.amazon.in/Amazon-15-6-Inch-Backpack-College-Anti-Theft/dp/B0C8NY5WDR/ref=sr_1_231?crid=2M096C61O4MLT&keywords=bags&qid=1692636323&sprefix=ba%2Caps%2C283&sr=8-231,"Amazon Basics Slope 15.6-Inch Laptop Backpack for Office or College, Anti-Theft Design (23 L, Grey)",₹869,4.3,N/A
https://www.amazon.in/Swisslook-Polyester-15-6-inch-Backpack-Waterproof/dp/B07XYTZP4Z/ref=sr_1_232?crid=2M096C61O4MLT&keywords=bags&qid=1692636323&sprefix=ba%2Caps%2C283&sr=8-232,Red Lemon Swisslook Polyester Bange Series 45L 15.6-inch Laptop Bags Backpack for Men and Women Semi Waterproof USB with Anti Theft Pocket Travel Backpack,"₹2,999",4.3,N/A
https://www.amazon.in/Martucci-Waterproof-Backpack-College-Business/dp/B0BRJRVH6D/ref=sr_1_233?crid=2M096C61O4MLT&keywords=bags&qid=1692636323&sprefix=ba%2Caps%2C283&sr=8-233,Martucci Jersey 45L Casual Waterproof Laptop Backpack/Office Bag/School Bag/College Bag/Business Bag/Unisex Travel Backpack,₹809,3.6,N/A
https://www.amazon.in/Glowic-Unisexs-Backpack-College-Students/dp/B0BGX9W69N/ref=sr_1_234?crid=2M096C61O4MLT&keywords=bags&qid=1692636323&sprefix=ba%2Caps%2C283&sr=8-234,Glowic Unisex's Backpack for Men Women Boys Girls/Office School College Teens & Students (WBAG-64) (Black),₹969,3.6,N/A
https://www.amazon.in/COSMUS-Polyester-Multi-functional-Convertible-15-6-Inch/dp/B07D1R1K84/ref=sr_1_235?crid=2M096C61O4MLT&keywords=bags&qid=1692636323&sprefix=ba%2Caps%2C283&sr=8-235,COSMUS Agility Convertible Backpack Messenger Bag Shoulder bag Laptop Case Handbag Business Briefcase Multi-functional Travel Bag Fits 15.6 Inch Laptop,"₹2,255",4.2,N/A
https://www.amazon.in/ASUS-BP4701-Backpack-Holographic-Cybertext/dp/B093HFM14H/ref=sr_1_236?crid=2M096C61O4MLT&keywords=bags&qid=1692636323&sprefix=ba%2Caps%2C283&sr=8-236,"ASUS ROG BP4701 43.18 cm Gaming Backpack (Black), with Holographic Cybertext Printing, Roll Up Design, Suitable for up to 43.18 cm Laptop","₹2,299",4.4,N/A
https://www.amazon.in/AirCase-C40-Backpack-Rucksacks-Messenger/dp/B07Y8CH69Y/ref=sr_1_237?crid=2M096C61O4MLT&keywords=bags&qid=1692636323&sprefix=ba%2Caps%2C283&sr=8-237,AirCase C40 Laptop Backpack Rucksacks Messenger Ba,₹999,3.2,N/A
https://www.amazon.in/WILDHORN-Backpack-Compartment-Business-Bookbags/dp/B09P2RP9TG/ref=sr_1_238?crid=2M096C61O4MLT&keywords=bags&qid=1692636323&sprefix=ba%2Caps%2C283&sr=8-238,WILDHORN Laptop Backpack for Men/Women I Waterproof I Travel/Business/College Bookbags Fit 15.6 Inch Laptop,₹799,4.0,N/A
https://www.amazon.in/Harissons-Speckle-Polyester-Laptop-Backpacks/dp/B08LBLKYRY/ref=sr_1_239?crid=2M096C61O4MLT&keywords=bags&qid=1692636323&sprefix=ba%2Caps%2C283&sr=8-239,"HARISSONS Speckle 36L Laptop Backpack for Men & Women | Ideal School Bag with Easy Access Pockets & Handy Pouch | Water Repellent 15.6"" Office Backpack with a Detailed Organizer","₹2,174",4.3,N/A
https://www.amazon.in/American-Tourister-FS0-41-002/dp/B07S13B1HR/ref=sr_1_240?crid=2M096C61O4MLT&keywords=bags&qid=1692636323&sprefix=ba%2Caps%2C283&sr=8-240,American Tourister Spin 49 cms Navy Laptop Backpack,"₹1,699",4.1,N/A
https://www.amazon.in/Gear-Green-Casual-Backpack-BKPECOBP40503/dp/B019HA8DQQ/ref=sr_1_241?crid=2M096C61O4MLT&keywords=bags&qid=1692636326&sprefix=ba%2Caps%2C283&sr=8-241,Gear Eco4 18L Water Resistant School Bag//Backpack/College Bag for Men/Women - Navy Blue,₹439,4.0,N/A
https://www.amazon.in/Gear-Ltrs-Casual-Backpack-MDBKPECO50504/dp/B0757K36YV/ref=sr_1_242?crid=2M096C61O4MLT&keywords=bags&qid=1692636326&sprefix=ba%2Caps%2C283&sr=8-242,Gear Moderneco5 21L Water Resistant School Bag/Backpack/College Bag For Men/Women - Navyblue,₹349,3.9,N/A
https://www.amazon.in/BEAUTY-GIRLS-HOTSHOT-School-1565/dp/B0BFXCHQZ5/ref=sr_1_243?crid=2M096C61O4MLT&keywords=bags&qid=1692636326&sprefix=ba%2Caps%2C283&sr=8-243,"BEAUTY GIRLS By HOTSHOT Girls School Bag (15ltr , Navy Blue, 1565)",₹549,3.7,N/A
https://www.amazon.in/ZOUK-WavBeach-Pattern-Crafted-Multicolor/dp/B0BSXM4DKJ/ref=sr_1_244?crid=2M096C61O4MLT&keywords=bags&qid=1692636326&sprefix=ba%2Caps%2C283&sr=8-244,ZOUK WavBeach Wave Pattern Women's Hand Crafted Multicolor Flap Sling Bag,"₹1,398",3.5,N/A
https://www.amazon.in/Wildcraft-Black-Casual-Backpack-11652-Black/dp/B079Q79FX5/ref=sr_1_245?crid=2M096C61O4MLT&keywords=bags&qid=1692636326&sprefix=ba%2Caps%2C283&sr=8-245,Wildcraft 31 Ltrs Black Casual Backpack (11652-Black),"₹1,248",4.3,N/A
https://www.amazon.in/NORTH-ZONE-Lightweight-Backpacks-Stylish/dp/B0BL3S5NC1/ref=sr_1_246?crid=2M096C61O4MLT&keywords=bags&qid=1692636326&sprefix=ba%2Caps%2C283&sr=8-246,NORTH ZONE Lightweight school bags Backpacks for Boys Girls Stylish men and women Casual Travel Laptop Bag College office,₹630,4.0,N/A
https://www.amazon.in/Wildcraft-Nylon-Broken-Casual-Backpack/dp/B083ZSY54M/ref=sr_1_247?crid=2M096C61O4MLT&keywords=bags&qid=1692636326&sprefix=ba%2Caps%2C283&sr=8-247,"Wildcraft Nylon 35 L Broken Camo Green Casual Backpack (Grey, H x W x D:46x32x24)","₹1,149",4.0,N/A
https://www.amazon.in/Storite-Travel-Duffle-Bag-Green/dp/B0C5MBFWBX/ref=sr_1_248?crid=2M096C61O4MLT&keywords=bags&qid=1692636326&sprefix=ba%2Caps%2C283&sr=8-248,Storite Nylon 51 cms Imported Travel Duffle Bag Muti- Pocket Sports Shoulder Bag for Women with Wet Pocket & Shoe Compartment Weekender Overnight Travel Luggage Bag (Green/White - 51x22x26 cm),"₹1,199",3.8,N/A
https://www.amazon.in/Gear-Expandable-RainCover-Grey-Black-TLPTURBO00401/dp/B097KDRZ67/ref=sr_1_249?crid=2M096C61O4MLT&keywords=bags&qid=1692636326&sprefix=ba%2Caps%2C283&sr=8-249,Gear Turbo 45L Expandable Water Resistant Antitheft Laptop Bag/Backpack/Briefcase For Men/Women With Raincover (Grey),"₹1,794",4.4,N/A
https://www.amazon.in/Killer-Backpack-Compartments-Polyester-Waterproof/dp/B07CDCYZ9L/ref=sr_1_250?crid=2M096C61O4MLT&keywords=bags&qid=1692636326&sprefix=ba%2Caps%2C283&sr=8-250,KILLER Derby 38L Large Laptop Backpack With 2 Compartments Polyester Travel Backpack,"₹1,729",4.3,N/A
https://www.amazon.in/HP-15-6-inch-Backpack-Pass-Through-793A7AA/dp/B0BYDWD4VL/ref=sr_1_251?crid=2M096C61O4MLT&keywords=bags&qid=1692636326&sprefix=ba%2Caps%2C283&sr=8-251,HP 330 15.6-inch Laptop Backpack/Trolley Pass-Through; Padded Back Panel; Padded air mesh Panel/Hand wash and air Dry/1 Year Limited Warranty (793A7AA),"₹1,268",4.6,N/A
https://www.amazon.in/Lino-Perros-Womens-Handbag-White/dp/B07L4QGTR4/ref=sr_1_252?crid=2M096C61O4MLT&keywords=bags&qid=1692636326&sprefix=ba%2Caps%2C283&sr=8-252,Lino Perros Women Handbag,"₹1,659",4.3,N/A
https://www.amazon.in/Aristocrat-Plastic-Rotation-Luggage-Suitcase/dp/B0BRN2Z9CG/ref=sr_1_253?crid=2M096C61O4MLT&keywords=bags&qid=1692636326&sprefix=ba%2Caps%2C283&sr=8-253,"Aristocrat Air Pro Large Size Hard Luggage (76cm) | Lightweight Luggage with Strong and Sturdy Dual Wheels, Secured Zip and Secured Combination Lock | Cross Teal | Unisex | Tough and Durable","₹3,119",3.8,N/A
https://www.amazon.in/ZOUK-Womens-Synthetic-Leather-Metallic/dp/B07MP56DM2/ref=sr_1_254?crid=2M096C61O4MLT&keywords=bags&qid=1692636326&sprefix=ba%2Caps%2C283&sr=8-254,ZOUK Handmade Vegan Leather Women's Sling Cross-Body Bags With Adjustable Shoulder Strap,"₹1,298",4.4,N/A
https://www.amazon.in/Tabelito-NEO-Backpack-Business-Compartment/dp/B0C2D2Q52R/ref=sr_1_255?crid=2M096C61O4MLT&keywords=bags&qid=1692636326&sprefix=ba%2Caps%2C283&sr=8-255,"Tabelito® NEO 3O L Water Resistant Laptop/College/Office/School/Travel/Business Bag, Unisex Backpack for Men Women Fits Up to 15.6 Inch Laptop Notebook.",₹399,4.0,N/A
https://www.amazon.in/Hoteon-Backpack-Anti-Theft-Earphone-Resistant/dp/B08HM4TQZZ/ref=sr_1_256?crid=2M096C61O4MLT&keywords=bags&qid=1692636326&sprefix=ba%2Caps%2C283&sr=8-256,"Golden Wolf Laptop Bag Anti-theft Backpack with Lock College School Laptop Backpack with Rain Cover Water Resistant Business Backpack with USB Port for 15.6-inch Laptop Office Travel Bag for Men and Women Gifts, Dark Grey","₹1,999",4.4,N/A
https://www.amazon.in/Lavie-Betula-Womens-Tote-Mint/dp/B08J8M2B42/ref=sr_1_257?crid=2M096C61O4MLT&keywords=bags&qid=1692636330&sprefix=ba%2Caps%2C283&sr=8-257,Lavie Women's Betula Tote Bag | Ladies Purse Handbag,"₹1,049",4.1,N/A
https://www.amazon.in/MOKOBARA-Overnighter-Expandable-Resistant-Detachable/dp/B0B7WSXQ9W/ref=sr_1_258?crid=2M096C61O4MLT&keywords=bags&qid=1692636330&sprefix=ba%2Caps%2C283&sr=8-258,"MOKOBARA The Overnighter Backpack 15.6"" Inch Laptop | Travel Backpack For Men And Women","₹7,999",4.5,N/A
https://www.amazon.in/Weekender-Travel-Backpack-Organizer-Handles/dp/B0B34WJK3X/ref=sr_1_259?crid=2M096C61O4MLT&keywords=bags&qid=1692636330&sprefix=ba%2Caps%2C283&sr=8-259,"FUR JADEN 40L Weekender Travel Laptop Backpack with Anti Theft Pocket, Organizer, 15.6 Inch Padded Laptop Sleeve and Dual Handles","₹1,229",4.3,N/A
https://www.amazon.in/Swiss-Military-Travel-Backpack-Hardshell/dp/B0C3MHG797/ref=sr_1_260?crid=2M096C61O4MLT&keywords=bags&qid=1692636330&sprefix=ba%2Caps%2C283&sr=8-260,"Swiss Military Hard Shell Travel Backpack UFO, Alien Series Dimond Cut ABS Hardshell upto 15.6 Inch Laptop","₹3,499",3.9,N/A
https://www.amazon.in/Hilfiger-Connor-Backpack-TH-CONNORLAP20/dp/B07N8HPP97/ref=sr_1_261?crid=2M096C61O4MLT&keywords=bags&qid=1692636330&sprefix=ba%2Caps%2C283&sr=8-261,Tommy Hilfiger Connor Laptop Backpack,"₹1,799",4.3,N/A
https://www.amazon.in/Stylbase-Waterproof-Laptop-business-Backpack/dp/B0BNL4BK3P/ref=sr_1_262?crid=2M096C61O4MLT&keywords=bags&qid=1692636330&sprefix=ba%2Caps%2C283&sr=8-262,"Stylbase Waterproof Lightweight Laptop Bag with 20L Capacity and 3 Compartments - Ideal for Travel, Office, and School Use - Unisex Design",₹499,4.1,N/A
https://www.amazon.in/Hilfiger-Connor-Backpack-TH-CONNORLAP07/dp/B07N99SXB1/ref=sr_1_263?crid=2M096C61O4MLT&keywords=bags&qid=1692636330&sprefix=ba%2Caps%2C283&sr=8-263,Tommy Hilfiger Connor Laptop Backpack,"₹1,789",4.2,N/A
https://www.amazon.in/POLESTAR-Ranker-Casual-Bagpack-Backpack/dp/B08421BRQ2/ref=sr_1_264?crid=2M096C61O4MLT&keywords=bags&qid=1692636330&sprefix=ba%2Caps%2C283&sr=8-264,"POLESTAR Ranker 15.6 inch 32 LTR Casual Laptop Backpack/Office Bag/School Bag/College Bag/Business Bag/Unisex Backpack, Water Resistant and Light Weight, 1 year Warranty",₹709,4.1,N/A
https://www.amazon.in/Killer-Backpack-Compartments-Polyester-Waterproof/dp/B07CDCYZ9L/ref=sr_1_265?crid=2M096C61O4MLT&keywords=bags&qid=1692636330&sprefix=ba%2Caps%2C283&sr=8-265,KILLER Derby 38L Large Laptop Backpack With 2 Compartments Polyester Travel Backpack,"₹1,729",4.3,N/A
https://www.amazon.in/Safari-Overnighter-Resistant-Travelling-All-Purpose/dp/B097JMR4M6/ref=sr_1_266?crid=2M096C61O4MLT&keywords=bags&qid=1692636330&sprefix=ba%2Caps%2C283&sr=8-266,"Safari Seek 32 Ltrs Large Overnighter Travel Laptop Backpack, Water Resistant Spacious Bag for Travelling and Camping, All-Purpose Bag for Business & Leisure- Black","₹2,049",4.4,N/A
https://www.amazon.in/Anti-Theft-Lightweight-15-6-inch-Multi-pockets-Water-resistant/dp/B0BRZ7RQCF/ref=sr_1_267?crid=2M096C61O4MLT&keywords=bags&qid=1692636330&sprefix=ba%2Caps%2C283&sr=8-267,"Arctic Hunter Slim Backpack Business Anti-Theft Laptop Bag for Men Lightweight Padded Backpack for 15.6-inch Laptop and iPad Multi-pockets Outdoor Medium Water-resistant Bag with USB Port for Office Travel College, Black","₹2,374",4.5,N/A
https://www.amazon.in/Aristocrat-Ltrs-Black-Rucksack-Duro/dp/B07VB76WL9/ref=sr_1_268?crid=2M096C61O4MLT&keywords=bags&qid=1692636330&sprefix=ba%2Caps%2C283&sr=8-268,Aristocrat 45 Ltrs Black Rucksack,"₹1,681",4.0,N/A
https://www.amazon.in/Lavie-Sport-Anti-Theft-Backpack-Business/dp/B0C6Y7VLC4/ref=sr_1_269?crid=2M096C61O4MLT&keywords=bags&qid=1692636330&sprefix=ba%2Caps%2C283&sr=8-269,Lavie Sport Astro Anti-Theft Casual Backpack with Laptop Sleeve | Business Bag for Men & Women | Durable Office Bag for Notebook/MacBook,"₹1,249",4.1,N/A
https://www.amazon.in/ZIPLINE-Polyester-Backpack-College-Outdoor/dp/B09XN3YD4Q/ref=sr_1_270?crid=2M096C61O4MLT&keywords=bags&qid=1692636330&sprefix=ba%2Caps%2C283&sr=8-270,Zipline Unisex Casual Polyester 36 L Blue Backpack School Bag Women Men Boys Girls College Bag,₹843,3.7,N/A
https://www.amazon.in/Waterproof-Capacity-Backpack-Teenage-Rucksack/dp/B0CDHD9BZD/ref=sr_1_271?crid=2M096C61O4MLT&keywords=bags&qid=1692636330&sprefix=ba%2Caps%2C283&sr=8-271,"TEESTA Waterproof Travel Casual Large Capacity 17.5 Inch Backpack Teenage Girls Laptop Rucksack Fashion School Bag with Small Case for Men/Women/Student/Gym(Black,1-Pcs)","₹1,299",4.3,N/A
https://www.amazon.in/Cosmus-Casual-Backpack-Charger-College/dp/B08D7D21FV/ref=sr_1_272?crid=2M096C61O4MLT&keywords=bags&qid=1692636330&sprefix=ba%2Caps%2C283&sr=8-272,COSMUS Vogue Casual Laptop Backpack with USB Charger Port 46cm 26 Litre College Bag,"₹1,409",4.2,N/A
https://www.amazon.in/Zebronics-Compartment-Backpacks-15-6-inch-Polyester/dp/B0C6QRTVCX/ref=sr_1_273?crid=2M096C61O4MLT&keywords=bags&qid=1692636334&sprefix=ba%2Caps%2C283&sr=8-273,"Zebronics Camp1, 14 Liters, 1 Compartment Laptop Backpacks Fit Up to 15.6-inch Laptop, Polyester Fabric, Office Use and Mini Business Travel Bags (Navy Blue)",₹499,3.0,N/A
https://www.amazon.in/Gear-Superior-Backpack-Orange-Black-BKPSPRIOR0601/dp/B08D76PV8B/ref=sr_1_274?crid=2M096C61O4MLT&keywords=bags&qid=1692636334&sprefix=ba%2Caps%2C283&sr=8-274,Gear Superior 16L Water Resistant School Bag//Backpack/College Bag for Men/Women - Orange Black,₹359,3.9,N/A
https://www.amazon.in/Waterproof-Backpack-College-Business-Dimensions/dp/B0BW95MXRJ/ref=sr_1_275?crid=2M096C61O4MLT&keywords=bags&qid=1692636334&sprefix=ba%2Caps%2C283&sr=8-275,NORTH ZONE Casual Waterproof Laptop Backpack/Office Bag/School Bag/College Bag/Business Bag/Travel Backpack (Dimensions:13x18 inches) (Compatible with 39.62cm(15.6inch laptop) 30 L (Blue & black),₹486,4.6,N/A
https://www.amazon.in/American-Tourister-BOUNCE-BACKPACK-POLYESTER/dp/B0BLC9MQHW/ref=sr_1_276?crid=2M096C61O4MLT&keywords=bags&qid=1692636334&sprefix=ba%2Caps%2C283&sr=8-276,American Tourister BOUNCE CASUAL BACKPACK 28L POLYESTER RED,"₹1,099",4.0,N/A
https://www.amazon.in/Wildcraft-Shutter-Bug-Camera-Backpack/dp/B07GVJ5LZB/ref=sr_1_277?crid=2M096C61O4MLT&keywords=bags&qid=1692636334&sprefix=ba%2Caps%2C283&sr=8-277,Wildcraft Shutter Bug Camera Backpack - Black,"₹3,494.90",4.5,N/A
https://www.amazon.in/Kuber-Industries-Embroidery-Occasions-HS_38_KUBMART21477/dp/B095C9DPDM/ref=sr_1_278?crid=2M096C61O4MLT&keywords=bags&qid=1692636334&sprefix=ba%2Caps%2C283&sr=8-278,"Kuber Industries Embroidery Small Hand Bag, Tote Bag, Purse For Daily Trips, Travel, Office & All Occasions For Women & Girls (Gold)-HS_38_KUBMART21477",₹148,3.5,N/A
https://www.amazon.in/Auxter-Polyester-Deadpool-Casual-Backpack/dp/B07FBNBH6J/ref=sr_1_279?crid=2M096C61O4MLT&keywords=bags&qid=1692636334&sprefix=ba%2Caps%2C283&sr=8-279,AUXTER Red Polyester Deadpool Bagpack Daypack School Bag Casual Backpack for Boys and Girls,₹580,4.3,N/A
https://www.amazon.in/Tabelito%C2%AE-VOLT-waterproof-Backpack-Compatible/dp/B0BML7Q3J1/ref=sr_1_280?crid=2M096C61O4MLT&keywords=bags&qid=1692636334&sprefix=ba%2Caps%2C283&sr=8-280,Tabelito® VOLT Casual waterproof Laptop Backpack/Office bag/School bag/College bag/Business bag/Unisex bag Travel bag Compatible with 15.6 inch Laptop 30L Bag for Men and Women - GREY,₹599,4.5,N/A
https://www.amazon.in/Puma-7685302-teamGOAL-Gym-Sack/dp/B09JSY8X89/ref=sr_1_281?crid=2M096C61O4MLT&keywords=bags&qid=1692636334&sprefix=ba%2Caps%2C283&sr=8-281,Puma Unisex-Adult teamGOAL 23 Gym Sack Electric Blue Lemonade-Black (7685302),₹309,5.0,N/A
https://www.amazon.in/American-Tourister-LAPTOP-BACKPACK-POLYESTER/dp/B0BLCXMTZ7/ref=sr_1_282?crid=2M096C61O4MLT&keywords=bags&qid=1692636334&sprefix=ba%2Caps%2C283&sr=8-282,American Tourister SPIN LAPTOP BACKPACK 28L POLYESTER BLACK,"₹1,399",3.6,N/A
https://www.amazon.in/American-Tourister-Unisex-Laptop-Backpack/dp/B0C8649NY8/ref=sr_1_283?crid=2M096C61O4MLT&keywords=bags&qid=1692636334&sprefix=ba%2Caps%2C283&sr=8-283,"American Tourister SHAW Unisex Laptop Backpack - Teal, Unisex, 17'' Laptop Compatible with Multi-Level Organizer and External Bottle Pocket","₹1,689",3.3,N/A
https://www.amazon.in/Skybags-FUSE-BACKPACK-DEEP-WATER/dp/B0B3XYWY79/ref=sr_1_284?crid=2M096C61O4MLT&keywords=bags&qid=1692636334&sprefix=ba%2Caps%2C283&sr=8-284,Skybags FUSE BACKPACK MAGNET,₹804,3.8,N/A
https://www.amazon.in/COSMUS-Polyester-Multi-functional-Convertible-15-6-Inch/dp/B07D1R1K84/ref=sr_1_285?crid=2M096C61O4MLT&keywords=bags&qid=1692636334&sprefix=ba%2Caps%2C283&sr=8-285,COSMUS Agility Convertible Backpack Messenger Bag Shoulder bag Laptop Case Handbag Business Briefcase Multi-functional Travel Bag Fits 15.6 Inch Laptop,"₹2,255",4.2,N/A
https://www.amazon.in/Auxter-Premium-Sports-Compartment-Black-Green/dp/B08XWBDGMB/ref=sr_1_286?crid=2M096C61O4MLT&keywords=bags&qid=1692636334&sprefix=ba%2Caps%2C283&sr=8-286,AUXTER Premium Sports Gym Duflle Bag with Shoe Compartment for Men and Women,₹499,4.3,N/A
https://www.amazon.in/Frantic-Travelling-Backpacks-Preschool-FullBody_SkyElehpant/dp/B0BD5JQX7T/ref=sr_1_287?crid=2M096C61O4MLT&keywords=bags&qid=1692636334&sprefix=ba%2Caps%2C283&sr=8-287,"Frantic Kids Soft Cartoon Animal Travelling School Bag Soft Plush Backpacks Boys Girls Baby for 2 to 5 Years Baby/Boys/Girls Nursery, Preschool, Picnic(FullBody_SkyElehpant)",₹309,3.5,N/A
https://www.amazon.in/Motherly-Diaper-Travel-Basic-Black/dp/B07QXSNDKN/ref=sr_1_288?crid=2M096C61O4MLT&keywords=bags&qid=1692636334&sprefix=ba%2Caps%2C283&sr=8-288,motherly Diaper Bags for Mom Travel Basic Edition (Black),"₹1,586",4.5,N/A
https://www.amazon.in/PROBEROS%C2%AE-Crossbody-Adjustable-Commuting-Activities/dp/B09XMX79R2/ref=sr_1_289?crid=2M096C61O4MLT&keywords=bags&qid=1692636337&sprefix=ba%2Caps%2C283&sr=8-289,PROBEROS® Crossbody Bagpack Sling Bag for Men Women Shoulder Bag One Shoulder Bag with Cable Vent Adjustable Strap for Commuting Travel Outdoor Activities Cycling,₹799,4.0,N/A
https://www.amazon.in/Killer-Backpack-Compartments-Polyester-Waterproof/dp/B07CDCYZ9L/ref=sr_1_290?crid=2M096C61O4MLT&keywords=bags&qid=1692636337&sprefix=ba%2Caps%2C283&sr=8-290,KILLER Derby 38L Large Laptop Backpack With 2 Compartments Polyester Travel Backpack,"₹1,729",4.3,N/A
https://www.amazon.in/Fast-Travel-partition-Collage-Backpack/dp/B09VCQWRC4/ref=sr_1_291?crid=2M096C61O4MLT&keywords=bags&qid=1692636337&sprefix=ba%2Caps%2C283&sr=8-291,"Fast Travel 45 Ltrs, 46 cms School Bag Class 5-12 Large 4 partition Laptop Collage Office Travel Backpack Unisex",₹692,4.1,N/A
https://www.amazon.in/Swisslook-Polyester-15-6-inch-Backpack-Waterproof/dp/B07XYTZP4Z/ref=sr_1_292?crid=2M096C61O4MLT&keywords=bags&qid=1692636337&sprefix=ba%2Caps%2C283&sr=8-292,Red Lemon Swisslook Polyester Bange Series 45L 15.6-inch Laptop Bags Backpack for Men and Women Semi Waterproof USB with Anti Theft Pocket Travel Backpack,"₹2,999",4.3,N/A
https://www.amazon.in/Waterproof-Backpack-Students-adjustable-Compartment/dp/B09V5HRYR7/ref=sr_1_293?crid=2M096C61O4MLT&keywords=bags&qid=1692636337&sprefix=ba%2Caps%2C283&sr=8-293,CAPRIFF 32 L Casual Waterproof Laptop Bag/Backpack for Men Boys & Girls For Office School College Teens & Students with Rain Cover With adjustable Strap With 2 Compartment,₹699,3.8,N/A
https://www.amazon.in/Lavie-Sport-Anti-Theft-Backpack-Business/dp/B0C6Y7VLC4/ref=sr_1_294?crid=2M096C61O4MLT&keywords=bags&qid=1692636337&sprefix=ba%2Caps%2C283&sr=8-294,Lavie Sport Astro Anti-Theft Casual Backpack with Laptop Sleeve | Business Bag for Men & Women | Durable Office Bag for Notebook/MacBook,"₹1,249",4.1,N/A
https://www.amazon.in/TRUE-HUMAN-Anti-Theft-backpack-combination/dp/B09VCHV6T5/ref=sr_1_295?crid=2M096C61O4MLT&keywords=bags&qid=1692636337&sprefix=ba%2Caps%2C283&sr=8-295,"TRUE HUMAN® Emperor Anti-Theft backpack with combination lock Laptop bag,office bag for Men and Women | College Bags for Girls & Boys (Zyden)",₹675,3.7,N/A
https://www.amazon.in/Cosmus-Casual-Backpack-Charger-College/dp/B08D7D21FV/ref=sr_1_296?crid=2M096C61O4MLT&keywords=bags&qid=1692636337&sprefix=ba%2Caps%2C283&sr=8-296,COSMUS Vogue Casual Laptop Backpack with USB Charger Port 46cm 26 Litre College Bag,"₹1,409",4.2,N/A
https://www.amazon.in/Anti-Theft-Lightweight-15-6-inch-Multi-pockets-Water-resistant/dp/B0BRZ7RQCF/ref=sr_1_297?crid=2M096C61O4MLT&keywords=bags&qid=1692636337&sprefix=ba%2Caps%2C283&sr=8-297,"Arctic Hunter Slim Backpack Business Anti-Theft Laptop Bag for Men Lightweight Padded Backpack for 15.6-inch Laptop and iPad Multi-pockets Outdoor Medium Water-resistant Bag with USB Port for Office Travel College, Black","₹2,374",4.5,N/A
https://www.amazon.in/Gear-LOGI-Q-Resistant-Backpack-Black-White/dp/B0BTJ2VV17/ref=sr_1_298?crid=2M096C61O4MLT&keywords=bags&qid=1692636337&sprefix=ba%2Caps%2C283&sr=8-298,Gear LOGI-Q 27L Water Resistant Laptop Bag/Backpack/Office Bag for Men/Women (Black-White),₹927,4.7,N/A
https://www.amazon.in/Skybags-Cardiff-Polyester-Travel-DFTCAR52RED/dp/B073JRRW74/ref=sr_1_299?crid=2M096C61O4MLT&keywords=bags&qid=1692636337&sprefix=ba%2Caps%2C283&sr=8-299,Skybags Cardiff Polyester 52 Cms Wheel Travel Duffle Bag (Red),"₹1,707",4.2,N/A
https://www.amazon.in/Aristocrat-Ltrs-Black-Rucksack-Duro/dp/B07VB76WL9/ref=sr_1_300?crid=2M096C61O4MLT&keywords=bags&qid=1692636337&sprefix=ba%2Caps%2C283&sr=8-300,Aristocrat 45 Ltrs Black Rucksack,"₹1,681",4.0,N/A
https://www.amazon.in/ADISA-BP004-Weight-Casual-Backpack/dp/B07G3F1G7T/ref=sr_1_301?crid=2M096C61O4MLT&keywords=bags&qid=1692636337&sprefix=ba%2Caps%2C283&sr=8-301,ADISA Laptop Backpack 31 Ltrs,₹399,4.0,N/A
https://www.amazon.in/ZOUK-Multicolored-Printed-Handmade-Leather/dp/B07LB7V3MV/ref=sr_1_302?crid=2M096C61O4MLT&keywords=bags&qid=1692636337&sprefix=ba%2Caps%2C283&sr=8-302,ZOUK Multicolored Printed Handmade Vegan Leather Women's Office Bag for 15.6 inch Laptop with Double Handles - WavBeach,"₹1,498",4.5,N/A
https://www.amazon.in/Amazon-Basics-15-6-Inch-Backpack-College/dp/B0C8NV3PNJ/ref=sr_1_303?crid=2M096C61O4MLT&keywords=bags&qid=1692636337&sprefix=ba%2Caps%2C283&sr=8-303,"Amazon Basics Port 15.6-Inch Laptop Backpack for Office or College (21 L, Black)",₹739,4.2,N/A
https://www.amazon.in/Cosmus-Casual-Navy-Laptop-Backpack/dp/B08R7M639Z/ref=sr_1_304?crid=2M096C61O4MLT&keywords=bags&qid=1692636337&sprefix=ba%2Caps%2C283&sr=8-304,COSMUS ACE Casual 45 cm 22 Ltr Laptop Backpack Bag,₹843,4.0,N/A
https://www.amazon.in/Lenovo-Backpack-water-repellent-resistant-materials/dp/B09HXYJB7B/ref=sr_1_305?crid=2M096C61O4MLT&keywords=bags&qid=1692636341&sprefix=ba%2Caps%2C283&sr=8-305,"Lenovo Laptop Backpack for 15.6"" Made water-repellent and tear resistant materials for men and women .","₹1,400",4.1,N/A
https://www.amazon.in/F-Gear-Tycoon-Laptop-Backpack/dp/B071XJ6XV5/ref=sr_1_306?crid=2M096C61O4MLT&keywords=bags&qid=1692636341&sprefix=ba%2Caps%2C283&sr=8-306,F Gear Tycoon 27 Liters Laptop Backpack Sch Bag(Black),"₹1,149",4.4,N/A
